year	year_id	division_id	team_id	team_name	jersey_number	player_name	class_year	gp	gs	goals	assists	points	sh_att	fouls	red_cards	yellow_cards	gc	goal_app	ggs	goalie_min_played	ga	gaa	saves	save_pct	shutouts	g_wins	g_loss	d_saves	corners	ps	psa	gwg
2012	10640	2	2	Abilene Christian	-	TEAM	-	-	-	1	0	2	0	176	0	0	0	5	0	0:00	0	""	3	1.000	""	""	""	0	 	0	0	0
2012	10640	2	2	Abilene Christian	-	Totals	-	-	-	49	44	142	413	176	0	5	0	""	""	2118:17	15	0.637	118	0.887	11	""	""	0	95	2	3	20
2012	10640	2	2	Abilene Christian	-	Opponent Totals	-	-	-	15	12	42	257	195	0	12	0	0	0	""	49	""	168	0.774	1	0	0	0	79	0	1	2
2012	10640	2	30123	Academy of Art	-	TEAM	-	-	-	0	0	0	0	153	0	1	0	1	0	0:00	0	""	1	1.000	""	""	""	0	 	0	0	0
2012	10640	2	30123	Academy of Art	-	Totals	-	-	-	20	15	55	160	153	2	12	0	""	""	1489:01	41	2.478	69	0.627	1	""	""	0	55	0	2	4
2012	10640	2	30123	Academy of Art	-	Opponent Totals	-	-	-	41	31	113	247	176	4	20	0	0	0	""	20	""	46	0.697	7	0	0	0	61	0	0	10
2012	10640	2	929	Adams St.	-	TEAM	-	-	-	0	0	0	0	189	0	0	0	1	0	0:00	0	""	0	""	""	""	""	0	 	0	0	0
2012	10640	2	929	Adams St.	-	Totals	-	-	-	24	15	63	264	258	3	19	0	""	""	1695:49	38	2.017	105	0.734	2	""	""	0	66	2	2	7
2012	10640	2	929	Adams St.	-	Opponent Totals	-	-	-	38	26	102	295	123	2	11	0	0	0	""	24	""	91	0.791	6	0	0	0	76	1	3	9
2012	10640	2	3	Adelphi	-	TEAM	-	-	-	0	0	0	0	77	0	0	0	1	0	0:00	0	""	1	1.000	""	""	""	0	 	0	0	0
2012	10640	2	3	Adelphi	-	Totals	-	-	-	20	14	54	159	84	0	3	0	""	""	1554:41	22	1.274	84	0.792	5	""	""	0	59	2	2	8
2012	10640	2	3	Adelphi	-	Opponent Totals	-	-	-	22	16	60	213	94	0	3	0	0	0	""	20	""	70	0.778	7	0	0	0	75	0	0	8
2012	10640	2	10	Ala.-Huntsville	-	TEAM	-	-	-	0	0	0	0	166	0	3	0	1	0	0:00	0	""	1	1.000	""	""	""	0	 	0	0	0
2012	10640	2	10	Ala.-Huntsville	-	Totals	-	-	-	25	13	63	154	166	1	17	0	""	""	1712:19	37	1.945	114	0.755	1	""	""	0	87	1	1	5
2012	10640	2	10	Ala.-Huntsville	-	Opponent Totals	-	-	-	37	30	104	262	149	2	7	0	0	0	""	25	""	46	0.648	3	0	0	0	108	2	4	11
2012	10640	2	934	Alderson Broaddus	-	TEAM	-	-	-	0	0	0	0	128	0	2	0	1	0	0:00	0	""	1	1.000	""	""	""	0	 	0	0	0
2012	10640	2	934	Alderson Broaddus	-	Totals	-	-	-	33	26	92	303	139	0	4	0	""	""	1999:38	19	0.855	102	0.843	11	""	""	0	86	2	2	11
2012	10640	2	934	Alderson Broaddus	-	Opponent Totals	-	-	-	19	14	52	226	129	0	3	0	0	0	""	33	""	128	0.795	6	0	0	0	79	1	1	7
2012	10640	2	22	American Int'l	-	TEAM	-	-	-	0	0	0	0	184	0	0	0	3	0	0:00	0	""	3	1.000	""	""	""	0	 	0	0	0
2012	10640	2	22	American Int'l	-	Totals	-	-	-	20	17	57	267	191	0	7	0	""	""	1652:45	22	1.198	92	0.807	4	""	""	1	80	0	1	7
2012	10640	2	22	American Int'l	-	Opponent Totals	-	-	-	22	10	54	227	196	0	10	0	0	0	""	20	""	101	0.835	6	0	0	1	60	1	1	9
2012	10640	2	13028	Anderson (SC)	-	TEAM	-	-	-	0	0	0	0	119	0	1	0	2	0	0:00	0	""	1	1.000	""	""	""	0	 	0	0	0
2012	10640	2	13028	Anderson (SC)	-	Totals	-	-	-	18	11	47	183	119	0	4	0	""	""	1795:00	21	1.053	100	0.826	8	""	""	0	51	1	2	9
2012	10640	2	13028	Anderson (SC)	-	Opponent Totals	-	-	-	21	13	55	279	147	0	9	0	0	0	""	18	""	71	0.798	9	0	0	0	93	0	1	10
2012	10640	2	25	Angelo St.	-	TEAM	-	-	-	0	0	0	0	129	0	0	0	1	0	0:00	0	""	1	1.000	""	""	""	0	 	0	0	0
2012	10640	2	25	Angelo St.	-	Totals	-	-	-	25	15	65	259	137	0	5	0	""	""	1826:43	26	1.281	105	0.802	5	""	""	0	74	2	4	6
2012	10640	2	25	Angelo St.	-	Opponent Totals	-	-	-	26	20	72	270	140	1	13	0	0	0	""	25	""	120	0.828	4	0	0	0	94	1	1	9
2012	10640	2	33	Armstrong	-	TEAM	-	-	-	1	0	2	0	241	0	0	0	4	0	0:00	0	""	5	1.000	""	""	""	0	 	0	0	0
2012	10640	2	33	Armstrong	-	Totals	-	-	-	53	44	150	437	241	0	14	0	""	""	2271:37	22	0.872	78	0.780	9	""	""	0	134	2	2	18
2012	10640	2	33	Armstrong	-	Opponent Totals	-	-	-	22	19	63	243	222	1	13	0	0	0	""	53	""	158	0.749	2	0	0	0	100	1	2	3
2012	10640	2	35	Ashland	-	TEAM	-	-	-	0	0	0	0	166	0	0	0	1	0	0:00	0	""	1	1.000	""	""	""	0	 	0	0	0
2012	10640	2	35	Ashland	-	Totals	-	-	-	23	11	57	227	166	2	10	0	""	""	2004:43	23	1.033	120	0.839	8	""	""	0	79	0	1	9
2012	10640	2	35	Ashland	-	Opponent Totals	-	-	-	23	18	64	282	162	0	6	0	0	0	2004:43	23	1.033	110	0.827	9	0	0	0	103	1	1	8
2012	10640	2	36	Assumption	-	TEAM	-	-	-	0	0	0	0	127	0	0	0	1	0	0:00	0	""	1	1.000	""	""	""	0	 	0	0	0
2012	10640	2	36	Assumption	-	Totals	-	-	-	17	15	49	195	127	0	4	0	""	""	1566:40	32	1.838	106	0.768	2	""	""	0	62	2	2	4
2012	10640	2	36	Assumption	-	Opponent Totals	-	-	-	32	20	84	243	158	0	3	0	0	0	""	17	""	88	0.838	6	0	0	0	71	1	1	12
2012	10640	2	41	Augustana (SD)	-	TEAM	-	-	-	0	0	0	0	189	0	2	0	4	0	0:00	0	""	3	1.000	""	""	""	0	 	0	0	0
2012	10640	2	41	Augustana (SD)	-	Totals	-	-	-	29	22	80	278	189	0	7	0	""	""	1730:00	26	1.353	104	0.800	7	""	""	0	97	4	4	10
2012	10640	2	41	Augustana (SD)	-	Opponent Totals	-	-	-	26	18	70	263	169	0	12	0	0	0	""	29	""	122	0.808	4	0	0	0	79	2	2	9
2012	10640	2	2685	BYU-Hawaii	-	TEAM	-	-	-	1	0	2	0	194	0	0	0	1	0	0:00	0	""	2	1.000	""	""	""	0	 	0	0	0
2012	10640	2	2685	BYU-Hawaii	-	Totals	-	-	-	36	18	90	252	194	0	8	0	""	""	1482:56	13	0.789	46	0.780	6	""	""	0	60	1	2	12
2012	10640	2	2685	BYU-Hawaii	-	Opponent Totals	-	-	-	13	8	34	124	148	2	8	0	0	0	""	36	""	71	0.664	3	0	0	0	33	1	2	3
2012	10640	2	49	Barry	-	TEAM	-	-	-	0	0	0	0	121	0	0	0	5	0	0:00	0	""	4	1.000	""	""	""	0	 	0	0	0
2012	10640	2	49	Barry	-	Totals	-	-	-	28	28	84	225	121	0	7	0	""	""	1447:41	28	1.741	103	0.786	4	""	""	0	68	1	2	6
2012	10640	2	49	Barry	-	Opponent Totals	-	-	-	28	26	82	269	151	1	9	0	0	0	""	28	""	80	0.741	3	0	0	0	57	1	1	10
2012	10640	2	15646	Barton	-	TEAM	-	-	-	0	0	0	0	69	0	1	0	1	0	0:00	0	""	1	1.000	""	""	""	0	 	0	0	0
2012	10640	2	15646	Barton	-	Totals	-	-	-	20	12	52	157	134	0	11	0	""	""	1464:43	60	3.687	134	0.691	3	""	""	0	38	2	2	3
2012	10640	2	15646	Barton	-	Opponent Totals	-	-	-	60	48	168	350	162	0	10	0	0	0	""	20	""	59	0.747	7	0	0	0	78	0	2	12
2012	10640	2	52	Bellarmine	-	TEAM	-	-	-	0	0	0	0	222	0	1	0	2	0	0:00	0	""	2	1.000	""	""	""	0	 	0	0	0
2012	10640	2	52	Bellarmine	-	Totals	-	-	-	47	37	131	341	222	0	9	0	""	""	2151:19	14	0.628	84	0.857	10	""	""	0	101	0	0	16
2012	10640	2	52	Bellarmine	-	Opponent Totals	-	-	-	14	10	38	223	179	0	12	0	0	0	""	47	""	115	0.710	2	0	0	3	64	0	0	3
2012	10640	2	2683	Belmont Abbey	-	TEAM	-	-	-	0	0	0	0	158	0	0	0	1	0	0:00	0	""	1	1.000	""	""	""	0	 	0	0	0
2012	10640	2	2683	Belmont Abbey	-	Totals	-	-	-	39	19	97	323	158	1	4	0	""	""	1930:00	22	1.026	56	0.718	9	""	""	0	90	2	3	11
2012	10640	2	2683	Belmont Abbey	-	Opponent Totals	-	-	-	22	16	60	169	182	3	12	0	0	0	""	39	""	133	0.773	7	0	0	0	66	1	1	7
2012	10640	2	54	Bemidji St.	-	TEAM	-	-	-	0	0	0	0	148	0	0	0	""	""	""	""	""	""	""	""	""	""	0	 	0	0	0
2012	10640	2	54	Bemidji St.	-	Totals	-	-	-	20	21	61	248	148	0	6	0	""	""	1803:54	23	1.148	146	0.864	8	""	""	0	58	0	1	7
2012	10640	2	54	Bemidji St.	-	Opponent Totals	-	-	-	23	13	59	334	114	0	7	0	0	0	1803:54	20	0.998	112	0.848	7	0	0	0	76	3	3	8
2012	10640	2	56	Bentley	-	TEAM	-	-	-	0	0	0	0	133	0	0	0	4	0	0:00	0	""	2	1.000	""	""	""	0	 	0	0	0
2012	10640	2	56	Bentley	-	Totals	-	-	-	24	17	65	208	137	0	3	0	""	""	1672:30	36	1.937	98	0.731	3	""	""	0	55	0	0	6
2012	10640	2	56	Bentley	-	Opponent Totals	-	-	-	36	25	97	259	139	0	3	0	0	0	""	24	""	75	0.758	8	0	0	0	66	2	2	10
2012	10640	2	984	Bloomfield	-	TEAM	-	-	-	0	0	0	0	82	0	0	0	2	0	0:00	0	""	1	1.000	""	""	""	0	 	0	0	0
2012	10640	2	984	Bloomfield	-	Totals	-	-	-	24	10	58	205	87	0	5	0	""	""	1548:41	52	3.022	79	0.603	1	""	""	1	56	2	2	2
2012	10640	2	984	Bloomfield	-	Opponent Totals	-	-	-	52	39	143	247	108	1	3	0	0	0	""	24	""	68	0.739	6	0	0	0	49	2	2	14
2012	10640	2	65	Bloomsburg	-	TEAM	-	-	-	0	0	0	0	109	0	1	0	1	0	0:00	0	""	1	1.000	""	""	""	0	 	0	0	0
2012	10640	2	65	Bloomsburg	-	Totals	-	-	-	25	17	67	226	109	0	3	0	""	""	1772:23	22	1.117	92	0.807	7	""	""	1	99	2	2	10
2012	10640	2	65	Bloomsburg	-	Opponent Totals	-	-	-	22	19	63	245	140	0	2	0	0	0	""	25	""	104	0.806	4	0	0	1	72	1	1	8
2012	10640	2	30094	Brevard	-	TEAM	-	-	-	0	0	0	0	132	0	0	0	2	0	0:00	0	""	3	1.000	""	""	""	0	 	0	0	0
2012	10640	2	30094	Brevard	-	Totals	-	-	-	16	8	40	184	132	0	4	0	""	""	1548:51	44	2.557	110	0.714	2	""	""	0	41	0	1	2
2012	10640	2	30094	Brevard	-	Opponent Totals	-	-	-	44	24	112	301	130	0	3	0	0	0	""	16	""	95	0.856	10	0	0	0	72	2	2	13
2012	10640	2	74	Bridgeport	-	TEAM	-	-	-	0	0	0	0	158	0	1	0	""	""	""	""	""	""	""	""	""	""	0	 	0	0	0
2012	10640	2	74	Bridgeport	-	Totals	-	-	-	47	33	127	245	166	0	8	0	""	""	1660:00	5	0.271	106	0.955	13	""	""	0	78	1	1	16
2012	10640	2	74	Bridgeport	-	Opponent Totals	-	-	-	5	4	14	205	187	0	7	0	0	0	""	47	""	76	0.618	1	0	0	0	62	0	0	0
2012	10640	2	91	Cal Poly Pomona	-	TEAM	-	-	-	0	0	0	0	146	0	0	0	2	0	0:00	0	""	2	1.000	""	""	""	0	 	0	0	0
2012	10640	2	91	Cal Poly Pomona	-	Totals	-	-	-	26	23	75	252	146	0	8	0	""	""	1721:29	25	1.307	118	0.825	4	""	""	0	61	0	1	8
2012	10640	2	91	Cal Poly Pomona	-	Opponent Totals	-	-	-	25	23	73	328	191	0	8	0	0	0	""	26	""	85	0.766	4	0	0	0	72	0	0	6
2012	10640	2	92	Cal St. Dom. Hills	-	TEAM	-	-	-	2	0	4	0	197	0	0	0	1	0	0:00	0	""	0	""	""	""	""	0	 	0	0	2
2012	10640	2	92	Cal St. Dom. Hills	-	Totals	-	-	-	24	22	70	278	197	0	19	0	""	""	1652:39	22	1.198	74	0.771	6	""	""	0	71	1	2	9
2012	10640	2	92	Cal St. Dom. Hills	-	Opponent Totals	-	-	-	22	19	63	191	159	1	8	0	0	0	""	24	""	102	0.810	5	0	0	0	67	1	1	8
2012	10640	2	98	Cal St. East Bay	-	TEAM	-	-	-	0	0	0	0	165	0	0	0	3	0	0:00	0	""	3	1.000	""	""	""	0	 	0	0	0
2012	10640	2	98	Cal St. East Bay	-	Totals	-	-	-	26	26	78	218	165	0	9	0	""	""	1656:45	44	2.390	86	0.662	2	""	""	0	58	0	0	6
2012	10640	2	98	Cal St. East Bay	-	Opponent Totals	-	-	-	44	40	128	242	125	0	11	0	0	0	""	26	""	81	0.757	3	0	0	0	94	0	0	11
2012	10640	2	100	Cal St. L.A.	-	TEAM	-	-	-	0	0	0	0	175	0	0	0	3	0	0:00	0	""	3	1.000	""	""	""	0	 	0	0	0
2012	10640	2	100	Cal St. L.A.	-	Totals	-	-	-	31	26	88	277	175	0	6	0	""	""	1974:01	13	0.593	95	0.880	10	""	""	0	90	2	3	13
2012	10640	2	100	Cal St. L.A.	-	Opponent Totals	-	-	-	13	12	38	220	177	0	3	0	0	0	""	31	""	105	0.772	5	0	0	0	79	0	0	4
2012	10640	2	30055	Cal St. Monterey Bay	-	TEAM	-	-	-	0	0	0	0	158	0	0	0	1	0	0:00	0	""	0	""	""	""	""	0	 	0	0	0
2012	10640	2	30055	Cal St. Monterey Bay	-	Totals	-	-	-	7	4	18	136	158	0	8	0	""	""	1548:14	31	1.802	77	0.713	2	""	""	0	37	0	0	3
2012	10640	2	30055	Cal St. Monterey Bay	-	Opponent Totals	-	-	-	31	29	91	218	125	0	6	0	0	0	""	7	""	65	0.903	13	0	0	0	67	2	3	14
2012	10640	2	93	Cal St. San B'dino	-	TEAM	-	-	-	0	0	0	0	167	0	0	0	1	0	0:00	0	""	0	""	""	""	""	0	 	0	0	0
2012	10640	2	93	Cal St. San B'dino	-	Totals	-	-	-	28	25	81	254	167	2	10	0	""	""	1697:40	19	1.007	77	0.802	7	""	""	0	93	2	2	9
2012	10640	2	93	Cal St. San B'dino	-	Opponent Totals	-	-	-	19	13	51	200	156	0	13	0	0	0	""	28	""	88	0.759	6	0	0	0	62	1	2	6
2012	10640	2	103	Cal St. Stanislaus	-	TEAM	-	-	-	1	0	2	0	187	0	0	0	6	0	0:00	0	""	4	1.000	""	""	""	0	 	0	0	0
2012	10640	2	103	Cal St. Stanislaus	-	Totals	-	-	-	43	48	134	361	187	0	10	0	""	""	2010:00	17	0.761	76	0.817	8	""	""	0	88	2	2	11
2012	10640	2	103	Cal St. Stanislaus	-	Opponent Totals	-	-	-	17	13	47	223	200	2	15	0	0	0	""	43	""	127	0.747	3	0	0	0	87	1	3	4
2012	10640	2	995	Caldwell	-	TEAM	-	-	-	0	0	0	0	128	0	0	0	""	""	""	""	""	""	""	""	""	""	0	 	0	0	0
2012	10640	2	995	Caldwell	-	Totals	-	-	-	23	19	65	241	128	0	9	0	""	""	1642:48	36	1.972	107	0.748	4	""	""	0	86	0	0	8
2012	10640	2	995	Caldwell	-	Opponent Totals	-	-	-	36	28	100	262	180	0	13	0	0	0	""	23	""	91	0.798	7	0	0	0	69	1	2	8
2012	10640	2	106	California (PA)	-	TEAM	-	-	-	2	0	4	0	238	0	2	0	6	0	0:00	0	""	2	1.000	""	""	""	0	 	0	0	1
2012	10640	2	106	California (PA)	-	Totals	-	-	-	74	63	211	496	238	1	20	0	""	""	2134:16	10	0.422	73	0.880	14	""	""	0	136	4	5	20
2012	10640	2	106	California (PA)	-	Opponent Totals	-	-	-	10	7	27	189	172	2	7	0	0	0	2134:16	74	3.121	183	0.712	1	0	0	0	69	1	1	1
2012	10640	2	30135	California Baptist	-	TEAM	-	-	-	0	0	0	0	190	0	0	0	4	0	0:00	0	""	1	1.000	""	""	""	0	 	0	0	0
2012	10640	2	30135	California Baptist	-	Totals	-	-	-	64	52	180	435	190	0	9	0	""	""	1910:00	12	0.565	67	0.848	13	""	""	0	113	1	1	18
2012	10640	2	30135	California Baptist	-	Opponent Totals	-	-	-	12	8	32	165	163	0	8	0	0	0	""	64	""	139	0.685	1	0	0	0	37	0	0	2
2012	10640	2	1000	Carson-Newman	-	TEAM	-	-	-	0	0	0	0	155	0	0	0	""	""	""	""	""	""	""	""	""	""	0	 	0	0	0
2012	10640	2	1000	Carson-Newman	-	Totals	-	-	-	33	17	83	208	155	0	6	0	""	""	1550:00	31	1.800	131	0.809	4	""	""	0	63	2	2	5
2012	10640	2	1000	Carson-Newman	-	Opponent Totals	-	-	-	31	24	86	303	122	1	4	0	0	0	""	33	""	70	0.680	7	0	0	0	67	2	3	11
2012	10640	2	1001	Catawba	-	TEAM	-	-	-	0	0	0	0	178	0	2	0	4	0	0:00	0	""	5	1.000	""	""	""	0	 	0	0	0
2012	10640	2	1001	Catawba	-	Totals	-	-	-	20	13	53	182	178	0	12	0	""	""	1582:32	32	1.820	93	0.744	4	""	""	1	66	2	2	6
2012	10640	2	1001	Catawba	-	Opponent Totals	-	-	-	32	28	92	227	148	0	9	0	0	0	""	20	""	63	0.759	3	0	0	0	68	0	0	11
2012	10640	2	30124	Cedarville	-	TEAM	-	-	-	1	0	2	0	164	0	0	0	""	""	""	""	""	""	""	""	""	""	0	 	0	0	1
2012	10640	2	30124	Cedarville	-	Totals	-	-	-	22	12	56	219	164	0	5	0	""	""	1577:34	23	1.312	48	0.676	6	""	""	0	72	0	1	7
2012	10640	2	30124	Cedarville	-	Opponent Totals	-	-	-	23	13	59	143	114	1	5	0	0	0	""	22	""	91	0.805	6	0	0	0	50	1	1	8
2012	10640	2	130	Central Mo.	-	TEAM	-	-	-	1	0	2	0	119	0	1	0	6	0	0:00	0	""	1	1.000	""	""	""	0	 	0	0	0
2012	10640	2	130	Central Mo.	-	Totals	-	-	-	63	42	168	423	133	0	2	0	""	""	1890:00	9	0.429	43	0.827	14	""	""	0	128	2	2	19
2012	10640	2	130	Central Mo.	-	Opponent Totals	-	-	-	9	3	21	91	139	0	4	0	0	0	""	63	""	170	0.730	1	0	0	0	38	0	0	2
2012	10640	2	1009	Central Okla.	-	TEAM	-	-	-	0	0	0	0	153	0	1	0	3	0	0:00	0	""	0	""	""	""	""	0	 	0	0	0
2012	10640	2	1009	Central Okla.	-	Totals	-	-	-	41	24	106	288	162	0	6	0	""	""	1712:48	12	0.631	90	0.882	11	""	""	0	94	1	1	15
2012	10640	2	1009	Central Okla.	-	Opponent Totals	-	-	-	12	7	31	186	119	0	5	0	0	0	""	41	""	100	0.709	3	0	0	0	64	1	1	4
2012	10640	2	1010	Central Wash.	-	TEAM	-	-	-	1	0	2	0	191	0	0	0	6	0	0:00	0	""	6	1.000	""	""	""	0	 	0	0	1
2012	10640	2	1010	Central Wash.	-	Totals	-	-	-	25	27	77	259	226	3	15	0	""	""	1726:04	22	1.147	108	0.831	6	""	""	0	77	1	2	9
2012	10640	2	1010	Central Wash.	-	Opponent Totals	-	-	-	22	17	61	297	141	0	5	0	0	0	""	25	""	83	0.769	5	0	0	0	96	2	2	5
2012	10640	2	133	Chaminade	-	TEAM	-	-	-	1	0	2	0	123	0	0	0	""	""	""	""	""	""	""	""	""	""	0	 	0	0	0
2012	10640	2	133	Chaminade	-	Totals	-	-	-	12	4	28	97	123	1	9	0	""	""	1535:30	59	3.458	109	0.649	""	""	""	0	17	2	2	1
2012	10640	2	133	Chaminade	-	Opponent Totals	-	-	-	59	38	156	331	153	0	7	0	0	0	""	12	""	30	0.714	7	0	0	0	83	3	4	16
2012	10640	2	1013	Charleston (WV)	-	TEAM	-	-	-	0	0	0	0	106	0	0	0	3	0	0:00	0	""	1	1.000	""	""	""	0	 	0	0	0
2012	10640	2	1013	Charleston (WV)	-	Totals	-	-	-	21	13	55	200	106	1	5	0	""	""	1702:32	22	1.163	107	0.829	6	""	""	0	52	1	1	5
2012	10640	2	1013	Charleston (WV)	-	Opponent Totals	-	-	-	22	18	62	225	110	1	4	0	0	0	""	21	""	85	0.802	9	0	0	0	61	1	1	10
2012	10640	2	21323	Chestnut Hill	-	TEAM	-	-	-	0	0	0	0	105	0	1	0	2	0	0:00	0	""	1	1.000	""	""	""	0	 	0	0	0
2012	10640	2	21323	Chestnut Hill	-	Totals	-	-	-	38	19	95	247	105	0	6	0	""	""	1708:09	34	1.791	109	0.762	3	""	""	0	91	2	3	9
2012	10640	2	21323	Chestnut Hill	-	Opponent Totals	-	-	-	34	23	91	293	149	0	6	0	0	0	""	38	""	76	0.667	5	0	0	0	86	2	2	10
2012	10640	2	95	Chico St.	-	TEAM	-	-	-	1	0	2	0	209	0	1	0	4	0	0:00	0	""	4	1.000	""	""	""	0	 	0	0	0
2012	10640	2	95	Chico St.	-	Totals	-	-	-	31	28	90	280	225	0	11	0	""	""	2390:10	21	0.791	93	0.816	10	""	""	0	128	2	2	13
2012	10640	2	95	Chico St.	-	Opponent Totals	-	-	-	21	22	64	291	236	0	12	0	0	0	""	31	""	102	0.767	6	0	0	0	82	2	2	6
2012	10640	2	8875	Chowan	-	TEAM	-	-	-	0	0	0	0	56	0	0	0	5	0	0:00	0	""	5	1.000	""	""	""	0	 	0	0	0
2012	10640	2	8875	Chowan	-	Totals	-	-	-	10	2	22	63	66	0	2	0	""	""	1077:39	69	5.763	149	0.683	""	""	""	0	14	2	2	1
2012	10640	2	8875	Chowan	-	Opponent Totals	-	-	-	69	38	176	456	64	0	4	0	0	0	""	10	""	24	0.706	6	0	0	0	152	3	3	11
2012	10640	2	1015	Christian Bros.	-	TEAM	-	-	-	1	0	2	0	120	0	1	0	3	0	0:00	0	""	3	1.000	""	""	""	0	 	0	0	0
2012	10640	2	1015	Christian Bros.	-	Totals	-	-	-	30	22	82	209	120	1	5	0	""	""	1690:40	22	1.171	125	0.850	6	""	""	0	77	1	1	8
2012	10640	2	1015	Christian Bros.	-	Opponent Totals	-	-	-	22	14	58	280	153	0	8	0	0	0	""	30	""	77	0.720	5	0	0	0	71	1	1	8
2012	10640	2	143	Clarion	-	TEAM	-	-	-	1	0	2	0	33	0	0	0	1	0	0:00	0	""	1	1.000	""	""	""	0	 	0	0	1
2012	10640	2	143	Clarion	-	Totals	-	-	-	9	7	25	131	46	0	1	0	""	""	1573:00	28	1.602	158	0.849	3	""	""	0	52	0	0	3
2012	10640	2	143	Clarion	-	Opponent Totals	-	-	-	28	22	78	304	56	0	0	0	0	0	""	9	""	79	0.898	10	0	0	0	81	1	1	11
2012	10640	2	20576	Clayton St.	-	TEAM	-	-	-	1	0	2	0	178	0	0	0	5	0	0:00	0	""	4	1.000	""	""	""	0	 	0	0	1
2012	10640	2	20576	Clayton St.	-	Totals	-	-	-	24	17	65	189	178	1	9	0	""	""	1677:40	19	1.019	94	0.832	10	""	""	0	69	2	3	9
2012	10640	2	20576	Clayton St.	-	Opponent Totals	-	-	-	19	17	55	230	171	2	10	0	0	0	""	24	""	79	0.767	7	0	0	0	88	1	2	7
2012	10640	2	1023	Coker	-	TEAM	-	-	-	0	0	0	0	62	0	0	0	1	0	0:00	0	""	1	1.000	""	""	""	0	 	0	0	0
2012	10640	2	1023	Coker	-	Totals	-	-	-	10	6	26	81	68	0	0	0	""	""	1649:20	61	3.329	151	0.712	1	""	""	0	29	1	2	1
2012	10640	2	1023	Coker	-	Opponent Totals	-	-	-	61	48	170	412	131	0	8	0	0	0	""	10	""	40	0.800	10	0	0	0	109	4	4	16
2012	10640	2	11403	Colo. Christian	-	TEAM	-	-	-	0	0	0	0	193	0	0	0	1	0	0:00	0	""	1	1.000	""	""	""	0	 	0	0	0
2012	10640	2	11403	Colo. Christian	-	Totals	-	-	-	15	11	41	158	198	0	8	0	""	""	2018:49	42	1.872	151	0.782	1	""	""	0	52	1	1	3
2012	10640	2	11403	Colo. Christian	-	Opponent Totals	-	-	-	42	37	121	388	221	0	10	0	0	0	""	15	""	58	0.795	13	0	0	0	109	2	2	18
2012	10640	2	11416	Colorado Mesa	-	TEAM	-	-	-	0	0	0	0	173	0	0	0	3	0	0:00	0	""	2	1.000	""	""	""	0	 	0	0	0
2012	10640	2	11416	Colorado Mesa	-	Totals	-	-	-	28	24	80	319	183	0	14	0	""	""	2082:15	30	1.297	127	0.809	7	""	""	0	90	0	0	10
2012	10640	2	11416	Colorado Mesa	-	Opponent Totals	-	-	-	30	23	83	318	219	1	14	0	0	0	""	28	""	124	0.816	5	0	0	0	80	1	1	8
2012	10640	2	155	Colorado Mines	-	TEAM	-	-	-	2	0	4	0	132	0	0	0	2	0	0:00	0	""	1	1.000	""	""	""	0	 	0	0	1
2012	10640	2	155	Colorado Mines	-	Totals	-	-	-	50	40	140	322	137	0	3	0	""	""	2279:33	17	0.829	62	0.785	12	""	""	0	108	2	2	17
2012	10640	2	155	Colorado Mines	-	Opponent Totals	-	-	-	17	13	47	194	151	0	6	0	0	0	""	50	""	129	0.721	2	0	0	0	66	1	1	2
2012	10640	2	2720	Colorado St.-Pueblo	-	TEAM	-	-	-	0	0	0	0	119	0	0	0	""	""	""	""	""	""	""	""	""	""	0	 	0	0	0
2012	10640	2	2720	Colorado St.-Pueblo	-	Totals	-	-	-	20	9	49	277	121	0	7	0	""	""	1876:06	38	2.015	148	0.796	3	""	""	0	54	0	0	5
2012	10640	2	2720	Colorado St.-Pueblo	-	Opponent Totals	-	-	-	38	29	105	369	156	0	5	0	0	0	""	20	""	122	0.859	7	0	0	0	84	1	2	11
2012	10640	2	159	Columbus St.	-	TEAM	-	-	-	0	0	0	0	146	0	0	0	5	0	0:00	0	""	2	1.000	""	""	""	0	 	0	0	0
2012	10640	2	159	Columbus St.	-	Totals	-	-	-	52	35	139	440	146	0	9	0	""	""	2140:38	14	0.589	70	0.833	12	""	""	0	178	2	2	16
2012	10640	2	159	Columbus St.	-	Opponent Totals	-	-	-	14	9	37	175	226	0	14	0	0	0	""	52	""	153	0.746	6	0	0	0	42	0	0	4
2012	10640	2	1028	Concord	-	TEAM	-	-	-	1	0	2	0	103	0	1	0	1	0	0:00	0	""	1	1.000	""	""	""	0	 	0	0	0
2012	10640	2	1028	Concord	-	Totals	-	-	-	23	7	53	184	111	0	11	0	""	""	1541:21	32	1.868	119	0.788	6	""	""	0	43	2	2	9
2012	10640	2	1028	Concord	-	Opponent Totals	-	-	-	32	17	81	261	108	0	4	0	0	0	""	23	""	76	0.768	5	0	0	0	75	2	3	8
2012	10640	2	162	Concordia (NY)	-	TEAM	-	-	-	0	0	0	0	65	0	0	0	2	0	0:00	0	""	3	1.000	""	""	""	0	 	0	0	0
2012	10640	2	162	Concordia (NY)	-	Totals	-	-	-	22	9	53	145	83	0	5	0	""	""	1369:46	64	4.205	74	0.536	""	""	""	0	43	2	2	2
2012	10640	2	162	Concordia (NY)	-	Opponent Totals	-	-	-	64	53	181	248	102	0	3	0	0	0	""	22	""	74	0.771	8	0	0	0	91	1	2	13
2012	10640	2	9081	Concordia-St. Paul	-	TEAM	-	-	-	0	0	0	0	124	0	0	0	4	0	0:00	0	""	3	1.000	""	""	""	0	 	0	0	0
2012	10640	2	9081	Concordia-St. Paul	-	Totals	-	-	-	28	25	81	205	124	0	9	0	""	""	1544:20	30	1.748	81	0.730	3	""	""	0	68	1	1	7
2012	10640	2	9081	Concordia-St. Paul	-	Opponent Totals	-	-	-	30	22	82	224	114	0	4	0	0	0	""	28	""	74	0.725	5	0	0	0	81	2	2	10
2012	10640	2	8935	Converse	-	TEAM	-	-	-	0	0	0	0	107	0	0	0	""	""	""	""	""	""	""	""	""	""	0	 	0	0	0
2012	10640	2	8935	Converse	-	Totals	-	-	-	11	11	33	140	122	0	6	0	""	""	1591:13	40	2.262	191	0.827	2	""	""	0	35	0	0	2
2012	10640	2	8935	Converse	-	Opponent Totals	-	-	-	40	28	108	378	104	0	3	0	0	0	""	11	""	63	0.851	8	0	0	0	117	1	1	14
2012	10640	2	1045	Dallas Baptist	-	TEAM	-	-	-	2	1	5	0	132	0	0	0	1	0	0:00	0	""	0	""	""	""	""	0	 	0	0	0
2012	10640	2	1045	Dallas Baptist	-	Totals	-	-	-	51	37	139	328	138	0	4	0	""	""	2113:55	19	0.809	110	0.853	13	""	""	0	108	1	1	16
2012	10640	2	1045	Dallas Baptist	-	Opponent Totals	-	-	-	19	15	53	245	181	0	8	0	0	0	""	51	""	124	0.709	1	0	0	0	70	0	1	6
2012	10640	2	174	Davis & Elkins	-	TEAM	-	-	-	0	0	0	0	127	0	0	0	""	""	""	""	""	""	""	""	""	""	0	 	0	0	0
2012	10640	2	174	Davis & Elkins	-	Totals	-	-	-	32	20	84	226	127	0	3	0	""	""	1625:38	30	1.661	87	0.744	6	""	""	0	65	2	3	9
2012	10640	2	174	Davis & Elkins	-	Opponent Totals	-	-	-	30	21	81	210	135	1	8	0	0	0	""	32	""	84	0.724	6	0	0	0	46	0	0	7
2012	10640	2	181	Delta St.	-	TEAM	-	-	-	0	0	0	0	74	0	0	0	2	0	0:00	0	""	1	1.000	""	""	""	0	 	0	0	0
2012	10640	2	181	Delta St.	-	Totals	-	-	-	15	10	40	143	74	1	6	0	""	""	1555:47	30	1.735	124	0.805	4	""	""	0	32	1	2	4
2012	10640	2	181	Delta St.	-	Opponent Totals	-	-	-	30	26	86	303	61	1	5	0	0	0	""	15	""	65	0.812	8	0	0	0	76	0	0	11
2012	10640	2	30095	Dixie St.	-	TEAM	-	-	-	0	0	0	0	154	0	0	0	5	0	0:00	0	""	6	1.000	""	""	""	0	 	0	0	0
2012	10640	2	30095	Dixie St.	-	Totals	-	-	-	27	22	76	285	154	0	10	0	""	""	1700:00	25	1.324	95	0.792	6	""	""	0	66	1	1	7
2012	10640	2	30095	Dixie St.	-	Opponent Totals	-	-	-	25	23	73	237	155	0	14	0	0	0	""	27	""	129	0.827	7	0	0	0	71	1	1	8
2012	10640	2	30118	Dominican (CA)	-	TEAM	-	-	-	0	0	0	0	208	2	3	0	""	""	""	""	""	""	""	""	""	""	0	 	0	0	0
2012	10640	2	30118	Dominican (CA)	-	Totals	-	-	-	18	20	56	154	208	5	30	0	""	""	1647:11	39	2.131	87	0.690	""	""	""	0	53	0	1	3
2012	10640	2	30118	Dominican (CA)	-	Opponent Totals	-	-	-	39	28	106	234	184	0	20	0	0	0	""	18	""	52	0.743	9	0	0	0	55	2	3	14
2012	10640	2	8956	Dominican (NY)	-	TEAM	-	-	-	0	0	0	0	147	0	1	0	1	0	0:00	0	""	0	""	""	""	""	0	 	0	0	0
2012	10640	2	8956	Dominican (NY)	-	Totals	-	-	-	32	22	86	183	147	0	11	0	""	""	1558:29	36	2.079	102	0.739	4	""	""	0	62	1	1	8
2012	10640	2	8956	Dominican (NY)	-	Opponent Totals	-	-	-	36	23	95	275	122	0	14	0	0	0	""	31	""	59	0.656	3	0	0	0	57	2	2	6
2012	10640	2	2692	Dowling	-	TEAM	-	-	-	0	0	0	0	186	0	0	0	1	0	0:00	0	""	1	1.000	""	""	""	0	 	0	0	0
2012	10640	2	2692	Dowling	-	Totals	-	-	-	38	28	104	333	195	0	7	0	""	""	1991:45	21	0.949	71	0.772	9	""	""	0	80	1	1	13
2012	10640	2	2692	Dowling	-	Opponent Totals	-	-	-	21	14	56	174	180	0	11	0	0	0	""	38	""	127	0.770	3	0	0	0	73	1	1	5
2012	10640	2	1057	Drury	-	TEAM	-	-	-	1	0	2	0	144	0	2	0	2	0	0:00	0	""	2	1.000	""	""	""	0	 	0	0	0
2012	10640	2	1057	Drury	-	Totals	-	-	-	31	20	82	287	144	1	9	0	""	""	1699:12	21	1.112	85	0.802	5	""	""	0	88	4	4	8
2012	10640	2	1057	Drury	-	Opponent Totals	-	-	-	21	17	59	179	161	1	5	0	0	0	""	31	""	117	0.791	5	0	0	0	64	1	1	8
2012	10640	2	8965	East Central	-	TEAM	-	-	-	0	0	0	0	184	0	0	0	4	0	0:00	0	""	4	1.000	""	""	""	0	 	0	0	0
2012	10640	2	8965	East Central	-	Totals	-	-	-	27	17	71	277	184	1	8	0	""	""	1755:52	19	0.974	92	0.829	9	""	""	0	105	3	3	12
2012	10640	2	8965	East Central	-	Opponent Totals	-	-	-	19	13	51	198	128	3	7	0	0	0	""	24	""	107	0.817	6	0	0	0	50	1	1	6
2012	10640	2	197	East Stroudsburg	-	TEAM	-	-	-	1	0	2	0	154	0	0	0	5	0	0:00	0	""	3	1.000	""	""	""	0	 	0	0	0
2012	10640	2	197	East Stroudsburg	-	Totals	-	-	-	25	17	67	215	154	2	8	0	""	""	1642:54	32	1.753	105	0.766	6	""	""	0	89	2	2	8
2012	10640	2	197	East Stroudsburg	-	Opponent Totals	-	-	-	32	25	89	239	111	0	5	0	0	0	""	25	""	95	0.792	5	0	0	0	63	0	1	9
2012	10640	2	206	Eastern N.M.	-	TEAM	-	-	-	0	0	0	0	126	1	7	0	1	0	0:00	0	""	1	1.000	""	""	""	0	 	0	0	0
2012	10640	2	206	Eastern N.M.	-	Totals	-	-	-	20	13	53	178	126	1	12	0	""	""	1784:09	19	0.958	92	0.829	7	""	""	0	54	1	1	8
2012	10640	2	206	Eastern N.M.	-	Opponent Totals	-	-	-	19	12	50	294	156	0	6	0	0	0	""	20	""	67	0.770	7	0	0	0	62	0	0	8
2012	10640	2	208	Eckerd	-	TEAM	-	-	-	0	0	0	0	121	0	0	0	7	0	0:00	0	""	8	1.000	""	""	""	0	 	0	0	0
2012	10640	2	208	Eckerd	-	Totals	-	-	-	17	14	48	145	132	1	8	0	""	""	1520:07	44	2.605	141	0.762	3	""	""	0	51	2	2	5
2012	10640	2	208	Eckerd	-	Opponent Totals	-	-	-	44	39	127	326	86	1	2	0	0	0	""	17	""	60	0.779	10	0	0	0	97	1	1	12
2012	10640	2	209	Edinboro	-	TEAM	-	-	-	1	0	2	0	158	0	0	0	1	0	0:00	0	""	1	1.000	""	""	""	0	 	0	0	0
2012	10640	2	209	Edinboro	-	Totals	-	-	-	45	37	127	365	158	2	4	0	""	""	1912:06	22	1.036	94	0.810	10	""	""	0	97	2	2	15
2012	10640	2	209	Edinboro	-	Opponent Totals	-	-	-	22	15	59	226	175	0	10	0	0	0	""	45	""	148	0.767	3	0	0	0	57	2	2	6
2012	10640	2	1071	Emporia St.	-	TEAM	-	-	-	0	0	0	0	135	0	0	0	7	0	0:00	0	""	9	1.000	""	""	""	0	 	0	0	0
2012	10640	2	1071	Emporia St.	-	Totals	-	-	-	17	12	46	207	151	0	6	0	""	""	1712:02	22	1.157	132	0.857	5	""	""	0	37	0	0	3
2012	10640	2	1071	Emporia St.	-	Opponent Totals	-	-	-	22	16	60	290	149	1	5	0	0	0	""	17	""	100	0.855	6	0	0	0	53	1	1	10
2012	10640	2	1072	Erskine	-	TEAM	-	-	-	0	0	0	0	88	0	1	0	2	0	0:00	0	""	3	1.000	""	""	""	0	 	0	0	0
2012	10640	2	1072	Erskine	-	Totals	-	-	-	16	12	44	177	110	0	3	0	""	""	1561:40	35	2.017	114	0.765	3	""	""	1	52	0	0	6
2012	10640	2	1072	Erskine	-	Opponent Totals	-	-	-	35	28	98	299	126	0	3	0	0	0	""	16	""	86	0.843	9	0	0	0	73	1	1	11
2012	10640	2	23157	Felician	-	TEAM	-	-	-	2	0	4	2	114	0	0	0	""	""	""	""	""	""	""	""	""	""	0	 	0	0	1
2012	10640	2	23157	Felician	-	Totals	-	-	-	31	21	83	211	114	0	8	0	""	""	1648:43	24	1.310	103	0.811	5	""	""	0	66	1	2	11
2012	10640	2	23157	Felician	-	Opponent Totals	-	-	-	24	19	67	284	106	0	11	0	0	0	""	31	""	81	0.723	4	0	0	0	93	0	1	6
2012	10640	2	224	Ferris St.	-	TEAM	-	-	-	0	0	0	0	214	0	1	0	""	""	""	""	""	""	""	""	""	""	0	 	0	0	0
2012	10640	2	224	Ferris St.	-	Totals	-	-	-	20	14	54	201	214	1	14	0	""	""	1783:43	23	1.160	91	0.798	6	""	""	0	65	2	2	7
2012	10640	2	224	Ferris St.	-	Opponent Totals	-	-	-	23	20	66	208	181	0	9	0	0	0	""	20	""	77	0.794	6	0	0	0	67	0	0	9
2012	10640	2	1079	Findlay	-	TEAM	-	-	-	1	0	2	0	139	0	0	0	""	""	""	""	""	""	""	""	""	""	0	 	0	0	0
2012	10640	2	1079	Findlay	-	Totals	-	-	-	22	10	54	262	139	0	9	0	""	""	1579:08	30	1.710	75	0.714	4	""	""	0	101	0	0	7
2012	10640	2	1079	Findlay	-	Opponent Totals	-	-	-	30	25	85	201	160	0	5	0	0	0	""	22	""	114	0.838	6	0	0	0	66	1	1	9
2012	10640	2	233	Fla. Southern	-	TEAM	-	-	-	0	0	0	0	92	0	2	0	5	0	0:00	0	""	4	1.000	""	""	""	0	 	0	0	0
2012	10640	2	233	Fla. Southern	-	Totals	-	-	-	22	25	69	217	102	0	14	0	""	""	1387:46	17	1.102	80	0.825	3	""	""	0	78	2	2	7
2012	10640	2	233	Fla. Southern	-	Opponent Totals	-	-	-	17	17	51	222	137	0	7	0	0	0	""	22	""	84	0.792	5	0	0	0	63	1	3	7
2012	10640	2	30092	Flagler	-	TEAM	-	-	-	0	0	0	0	131	0	1	0	3	0	0:00	0	""	3	1.000	""	""	""	0	 	0	0	0
2012	10640	2	30092	Flagler	-	Totals	-	-	-	32	18	82	277	143	0	4	0	""	""	1644:41	29	1.587	70	0.707	4	""	""	0	91	2	4	9
2012	10640	2	30092	Flagler	-	Opponent Totals	-	-	-	29	23	81	219	200	1	13	0	0	0	""	32	""	96	0.750	7	0	0	0	83	1	1	8
2012	10640	2	230	Florida Tech	-	TEAM	-	-	-	0	0	0	0	87	0	0	0	2	0	0:00	0	""	2	1.000	""	""	""	0	 	0	0	0
2012	10640	2	230	Florida Tech	-	Totals	-	-	-	25	24	74	303	137	0	7	0	""	""	1647:41	11	0.710	46	0.807	8	""	""	0	74	0	1	11
2012	10640	2	230	Florida Tech	-	Opponent Totals	-	-	-	11	5	27	125	182	0	18	0	0	0	""	25	""	110	0.815	6	0	0	0	47	2	2	5
2012	10640	2	9011	Fort Hays St.	-	TEAM	-	-	-	0	0	0	0	94	0	0	0	""	""	""	""	""	""	""	""	""	""	0	 	0	0	0
2012	10640	2	9011	Fort Hays St.	-	Totals	-	-	-	24	18	66	245	219	1	12	0	""	""	1644:03	27	1.478	94	0.777	4	""	""	0	51	1	2	6
2012	10640	2	9011	Fort Hays St.	-	Opponent Totals	-	-	-	27	22	76	225	206	0	6	0	0	0	""	24	""	101	0.808	3	0	0	0	71	0	0	11
2012	10640	2	1083	Fort Lewis	-	TEAM	-	-	-	1	0	2	0	169	0	0	0	1	0	0:00	0	""	0	""	""	""	""	0	 	0	0	1
2012	10640	2	1083	Fort Lewis	-	Totals	-	-	-	47	38	132	401	177	0	9	0	""	""	2091:41	24	1.033	76	0.760	5	""	""	1	53	0	0	15
2012	10640	2	1083	Fort Lewis	-	Opponent Totals	-	-	-	24	19	67	236	198	0	15	0	0	0	""	47	""	141	0.750	4	0	0	0	40	0	0	3
2012	10640	2	241	Franklin Pierce	-	TEAM	-	-	-	0	0	0	0	135	0	0	0	1	0	0:00	0	""	1	1.000	""	""	""	0	 	0	0	0
2012	10640	2	241	Franklin Pierce	-	Totals	-	-	-	18	10	46	241	135	1	1	0	""	""	1595:34	16	0.903	56	0.778	6	""	""	0	70	1	1	6
2012	10640	2	241	Franklin Pierce	-	Opponent Totals	-	-	-	16	7	39	144	136	0	5	0	0	0	""	18	""	117	0.867	9	0	0	0	52	1	1	8
2012	10640	2	1097	Ga. Southwestern	-	TEAM	-	-	-	0	0	0	0	80	0	0	0	2	0	0:00	0	""	0	""	""	""	""	0	 	0	0	0
2012	10640	2	1097	Ga. Southwestern	-	Totals	-	-	-	14	7	35	116	89	0	4	0	""	""	1638:45	46	2.526	86	0.652	2	""	""	0	46	0	1	2
2012	10640	2	1097	Ga. Southwestern	-	Opponent Totals	-	-	-	46	30	122	292	90	0	4	0	0	0	""	14	""	42	0.750	11	0	0	0	125	3	3	15
2012	10640	2	246	Gannon	-	TEAM	-	-	-	0	0	0	0	183	0	1	0	1	0	0:00	0	""	1	1.000	""	""	""	0	 	0	0	0
2012	10640	2	246	Gannon	-	Totals	-	-	-	30	27	87	307	183	0	10	0	""	""	1710:00	24	1.263	80	0.769	6	""	""	0	77	1	2	9
2012	10640	2	246	Gannon	-	Opponent Totals	-	-	-	24	19	67	198	155	0	10	0	0	0	""	30	""	131	0.814	3	0	0	0	56	0	0	5
2012	10640	2	1096	Georgia College	-	TEAM	-	-	-	0	0	0	0	110	0	0	0	6	0	0:00	0	""	5	1.000	""	""	""	0	 	0	0	0
2012	10640	2	1096	Georgia College	-	Totals	-	-	-	20	15	55	270	114	1	1	0	""	""	1720:00	27	1.413	130	0.828	5	""	""	0	62	2	3	5
2012	10640	2	1096	Georgia College	-	Opponent Totals	-	-	-	27	20	74	320	149	0	8	0	0	0	""	20	""	123	0.860	9	0	0	0	75	1	2	14
2012	10640	2	9004	Georgian Court	-	TEAM	-	-	-	0	0	0	0	72	0	0	0	2	0	0:00	0	""	0	""	""	""	""	0	 	0	0	0
2012	10640	2	9004	Georgian Court	-	Totals	-	-	-	43	36	122	248	75	0	10	0	""	""	1848:27	33	1.607	86	0.723	6	""	""	0	116	3	3	11
2012	10640	2	9004	Georgian Court	-	Opponent Totals	-	-	-	33	27	93	229	83	0	7	0	0	0	""	43	""	96	0.691	5	0	0	0	50	2	3	9
2012	10640	2	8366	Goldey-Beacom	-	TEAM	-	-	-	0	0	0	0	79	0	0	0	1	0	0:00	0	""	1	1.000	""	""	""	0	 	0	0	0
2012	10640	2	8366	Goldey-Beacom	-	Totals	-	-	-	35	33	103	241	79	0	3	0	""	""	1373:42	27	1.769	79	0.745	1	""	""	0	45	0	0	6
2012	10640	2	8366	Goldey-Beacom	-	Opponent Totals	-	-	-	27	20	74	225	65	0	0	0	0	0	""	35	""	77	0.688	4	0	0	1	74	1	1	9
2012	10640	2	1104	Grand Canyon	-	TEAM	-	-	-	1	0	2	0	186	1	1	0	""	""	""	""	""	""	""	""	""	""	0	 	0	0	1
2012	10640	2	1104	Grand Canyon	-	Totals	-	-	-	37	16	90	294	186	2	18	0	""	""	1679:06	28	1.501	79	0.738	6	""	""	0	64	4	4	9
2012	10640	2	1104	Grand Canyon	-	Opponent Totals	-	-	-	28	23	79	209	167	1	16	0	0	0	""	37	""	123	0.769	4	0	0	0	51	2	2	6
2012	10640	2	262	Grand Valley St.	-	TEAM	-	-	-	0	0	0	0	239	0	0	0	2	0	0:00	0	""	0	""	""	""	""	0	 	0	0	0
2012	10640	2	262	Grand Valley St.	-	Totals	-	-	-	64	50	178	538	239	2	7	0	""	""	2346:48	10	0.384	68	0.872	16	""	""	0	193	1	2	20
2012	10640	2	262	Grand Valley St.	-	Opponent Totals	-	-	-	10	5	25	169	186	1	14	0	0	0	2346:48	64	2.454	207	0.764	1	0	0	0	58	1	1	1
2012	10640	2	1116	Harding	-	TEAM	-	-	-	1	0	2	0	127	0	0	0	2	0	0:00	0	""	2	1.000	""	""	""	0	 	0	0	1
2012	10640	2	1116	Harding	-	Totals	-	-	-	21	14	56	206	127	1	7	0	""	""	1651:22	55	2.998	126	0.696	1	""	""	0	53	2	3	4
2012	10640	2	1116	Harding	-	Opponent Totals	-	-	-	55	43	153	329	136	1	7	0	0	0	""	21	""	90	0.811	9	0	0	0	106	3	3	13
2012	10640	2	2697	Hawaii Hilo	-	TEAM	-	-	-	1	0	2	0	180	1	2	0	4	0	0:00	0	""	5	1.000	""	""	""	0	 	0	0	0
2012	10640	2	2697	Hawaii Hilo	-	Totals	-	-	-	23	14	60	170	180	2	21	0	""	""	1513:44	40	2.378	78	0.661	1	""	""	0	56	1	1	5
2012	10640	2	2697	Hawaii Hilo	-	Opponent Totals	-	-	-	40	29	109	222	170	4	14	0	0	0	""	23	""	62	0.729	2	0	0	0	57	3	5	9
2012	10640	2	2696	Hawaii Pacific	-	TEAM	-	-	-	1	0	2	0	61	0	0	0	""	""	""	""	""	""	""	""	""	""	0	 	0	0	0
2012	10640	2	2696	Hawaii Pacific	-	Totals	-	-	-	30	17	77	226	61	1	6	0	""	""	1576:16	21	1.199	80	0.792	7	""	""	0	48	1	3	10
2012	10640	2	2696	Hawaii Pacific	-	Opponent Totals	-	-	-	21	11	53	227	113	2	9	0	0	0	""	30	""	103	0.774	4	0	0	0	55	2	3	5
2012	10640	2	1126	Holy Family	-	TEAM	-	-	-	1	0	2	0	117	0	0	0	1	0	0:00	0	""	1	1.000	""	""	""	0	 	0	0	0
2012	10640	2	1126	Holy Family	-	Totals	-	-	-	45	30	120	323	123	0	4	0	""	""	1930:06	29	1.352	108	0.788	7	""	""	1	93	0	0	13
2012	10640	2	1126	Holy Family	-	Opponent Totals	-	-	-	29	17	75	248	144	1	7	0	0	0	""	45	""	119	0.726	2	0	0	2	96	0	0	6
2012	10640	2	291	Humboldt St.	-	TEAM	-	-	-	0	0	0	0	202	0	1	0	2	0	0:00	0	""	2	1.000	""	""	""	0	 	0	0	0
2012	10640	2	291	Humboldt St.	-	Totals	-	-	-	10	8	28	185	202	1	19	0	""	""	1660:00	34	1.843	109	0.762	3	""	""	0	40	1	2	3
2012	10640	2	291	Humboldt St.	-	Opponent Totals	-	-	-	34	31	99	297	173	0	15	0	0	0	""	10	""	65	0.867	9	0	0	0	86	4	5	13
2012	10640	2	30050	Ill.-Springfield	-	TEAM	-	-	-	0	0	0	0	104	0	0	0	3	0	0:00	0	""	2	1.000	""	""	""	0	 	0	0	0
2012	10640	2	30050	Ill.-Springfield	-	Totals	-	-	-	21	17	59	204	104	0	5	0	""	""	1480:00	25	1.520	78	0.757	3	""	""	0	56	0	0	4
2012	10640	2	30050	Ill.-Springfield	-	Opponent Totals	-	-	-	25	22	72	205	133	1	7	0	0	0	""	21	""	78	0.788	9	0	0	0	68	0	0	10
2012	10640	2	2743	Incarnate Word	-	TEAM	-	-	-	0	0	0	0	141	0	0	0	1	0	0:00	0	""	1	1.000	""	""	""	0	 	0	0	0
2012	10640	2	2743	Incarnate Word	-	Totals	-	-	-	21	13	55	215	141	0	8	0	""	""	1644:55	27	1.477	71	0.724	4	""	""	0	68	0	0	5
2012	10640	2	2743	Incarnate Word	-	Opponent Totals	-	-	-	27	22	76	195	101	0	7	0	0	0	""	21	""	90	0.811	6	0	0	0	75	0	0	7
2012	10640	2	307	Indiana (PA)	-	TEAM	-	-	-	0	0	0	0	106	0	0	0	1	0	0:00	0	""	1	1.000	""	""	""	0	 	0	0	0
2012	10640	2	307	Indiana (PA)	-	Totals	-	-	-	40	28	108	300	106	0	3	0	""	""	1701:33	22	1.164	88	0.800	4	""	""	0	73	2	3	11
2012	10640	2	307	Indiana (PA)	-	Opponent Totals	-	-	-	22	13	57	197	101	1	6	0	0	0	""	40	""	110	0.733	3	0	0	0	80	0	1	4
2012	10640	2	30051	King (TN)	-	TEAM	-	-	-	0	0	0	0	102	0	1	0	3	0	0:00	0	""	2	1.000	""	""	""	0	 	0	0	0
2012	10640	2	30051	King (TN)	-	Totals	-	-	-	28	20	76	250	112	0	5	0	""	""	1489:57	26	1.571	92	0.780	6	""	""	0	67	1	1	8
2012	10640	2	30051	King (TN)	-	Opponent Totals	-	-	-	26	19	71	233	132	0	3	0	0	0	""	28	""	97	0.776	4	0	0	0	64	1	3	7
2012	10640	2	339	Kutztown	-	TEAM	-	-	-	0	0	0	0	117	0	0	0	4	0	0:00	0	""	3	1.000	""	""	""	0	 	0	0	0
2012	10640	2	339	Kutztown	-	Totals	-	-	-	43	27	113	307	117	0	3	0	""	""	1988:12	17	0.770	71	0.807	12	""	""	0	146	4	4	16
2012	10640	2	339	Kutztown	-	Opponent Totals	-	-	-	17	15	49	175	119	1	7	0	0	0	""	43	""	139	0.764	3	0	0	1	91	0	0	6
2012	10640	2	333	Ky. Wesleyan	-	TEAM	-	-	-	0	0	0	0	88	0	0	0	2	0	0:00	0	""	2	1.000	""	""	""	0	 	0	0	0
2012	10640	2	333	Ky. Wesleyan	-	Totals	-	-	-	22	15	59	173	88	0	21	0	""	""	1551:25	67	3.887	156	0.700	1	""	""	0	29	0	0	2
2012	10640	2	333	Ky. Wesleyan	-	Opponent Totals	-	-	-	67	60	194	427	80	0	9	0	0	0	""	22	""	70	0.761	7	0	0	0	94	4	4	14
2012	10640	2	362	LIU Post	-	TEAM	-	-	-	0	0	0	0	142	0	1	0	2	0	0:00	0	""	2	1.000	""	""	""	0	 	0	0	0
2012	10640	2	362	LIU Post	-	Totals	-	-	-	35	19	89	202	142	0	5	0	""	""	1498:50	18	1.081	72	0.800	4	""	""	1	60	1	1	9
2012	10640	2	362	LIU Post	-	Opponent Totals	-	-	-	18	15	51	179	122	0	6	0	0	0	""	35	""	91	0.722	4	0	0	1	53	0	1	5
2012	10640	2	2746	Lake Erie	-	TEAM	-	-	-	0	0	0	0	156	0	0	0	2	0	0:00	0	""	3	1.000	""	""	""	0	 	0	0	0
2012	10640	2	2746	Lake Erie	-	Totals	-	-	-	7	5	19	125	156	0	9	0	""	""	1640:00	45	2.470	145	0.763	2	""	""	0	40	1	1	1
2012	10640	2	2746	Lake Erie	-	Opponent Totals	-	-	-	45	36	126	345	117	0	8	0	0	0	""	7	""	65	0.903	12	0	0	0	94	0	0	16
2012	10640	2	1167	Lander	-	TEAM	-	-	-	1	0	2	0	178	0	0	0	2	0	0:00	0	""	0	""	""	""	""	0	 	0	0	0
2012	10640	2	1167	Lander	-	Totals	-	-	-	39	23	101	298	188	0	15	0	""	""	1763:51	19	0.969	64	0.771	11	""	""	0	118	2	3	13
2012	10640	2	1167	Lander	-	Opponent Totals	-	-	-	19	13	51	165	152	1	7	0	0	0	""	39	""	112	0.742	0	0	0	0	55	0	0	5
2012	10640	2	349	Le Moyne	-	TEAM	-	-	-	0	0	0	0	39	0	0	0	""	""	""	""	""	""	""	""	""	""	0	 	0	0	0
2012	10640	2	349	Le Moyne	-	Totals	-	-	-	19	9	47	170	95	0	1	0	""	""	1540:20	43	2.512	98	0.695	2	""	""	0	53	1	1	4
2012	10640	2	349	Le Moyne	-	Opponent Totals	-	-	-	43	32	118	296	130	0	7	0	0	0	""	19	""	60	0.759	6	0	0	0	93	0	0	13
2012	10640	2	13302	Lees-McRae	-	TEAM	-	-	-	1	0	2	0	196	0	0	0	5	0	0:00	0	""	3	1.000	""	""	""	0	 	0	0	0
2012	10640	2	13302	Lees-McRae	-	Totals	-	-	-	56	47	159	519	196	0	7	0	""	""	1950:00	17	0.785	57	0.770	12	""	""	0	128	2	4	13
2012	10640	2	13302	Lees-McRae	-	Opponent Totals	-	-	-	17	10	44	151	148	0	11	0	0	0	""	56	""	195	0.777	6	0	0	2	41	1	1	5
2012	10640	2	1170	Lenoir-Rhyne	-	TEAM	-	-	-	0	0	0	0	181	0	0	0	4	0	0:00	0	""	3	1.000	""	""	""	0	 	0	0	0
2012	10640	2	1170	Lenoir-Rhyne	-	Totals	-	-	-	50	28	128	438	181	1	9	0	""	""	1912:28	22	1.035	71	0.763	7	""	""	0	96	2	2	17
2012	10640	2	1170	Lenoir-Rhyne	-	Opponent Totals	-	-	-	22	16	60	184	177	0	10	0	0	0	""	50	""	142	0.740	2	0	0	0	52	1	1	3
2012	10640	2	354	Lewis	-	TEAM	-	-	-	1	0	2	0	220	0	0	0	1	0	0:00	0	""	0	""	""	""	""	0	 	0	0	1
2012	10640	2	354	Lewis	-	Totals	-	-	-	18	16	52	195	220	1	15	0	""	""	1499:59	20	1.200	58	0.744	5	""	""	0	92	2	2	6
2012	10640	2	354	Lewis	-	Opponent Totals	-	-	-	20	16	56	159	213	0	10	0	0	0	""	18	""	81	0.818	5	0	0	0	48	0	1	9
2012	10640	2	1174	Limestone	-	TEAM	-	-	-	0	0	0	0	180	0	1	0	1	0	0:00	0	""	1	1.000	""	""	""	0	 	0	0	0
2012	10640	2	1174	Limestone	-	Totals	-	-	-	47	31	125	266	201	1	10	0	""	""	1744:40	17	0.877	73	0.811	9	""	""	0	87	4	6	13
2012	10640	2	1174	Limestone	-	Opponent Totals	-	-	-	17	10	44	226	162	3	11	0	0	0	""	47	""	97	0.674	1	0	0	0	75	1	2	5
2012	10640	2	357	Lincoln (PA)	-	TEAM	-	-	-	0	0	0	0	109	0	1	0	2	0	0:00	0	""	2	1.000	""	""	""	0	 	0	0	0
2012	10640	2	357	Lincoln (PA)	-	Totals	-	-	-	12	5	29	129	121	2	14	0	""	""	1256:16	90	6.448	111	0.552	""	""	""	0	17	0	0	1
2012	10640	2	357	Lincoln (PA)	-	Opponent Totals	-	-	-	90	58	238	400	100	0	0	0	0	0	""	12	""	53	0.815	7	0	0	0	85	3	3	11
2012	10640	2	1176	Lincoln Memorial	-	TEAM	-	-	-	0	0	0	0	126	0	0	0	2	0	0:00	0	""	3	1.000	""	""	""	0	 	0	0	0
2012	10640	2	1176	Lincoln Memorial	-	Totals	-	-	-	27	15	69	256	126	0	1	0	""	""	1694:53	33	1.752	95	0.742	3	""	""	2	64	0	0	8
2012	10640	2	1176	Lincoln Memorial	-	Opponent Totals	-	-	-	33	24	90	239	200	0	2	0	0	0	""	27	""	106	0.797	7	0	0	1	72	1	2	8
2012	10640	2	30136	Lindenwood (MO)	-	TEAM	-	-	-	0	0	0	0	148	0	2	0	1	0	0:00	0	""	0	""	""	""	""	0	 	0	0	0
2012	10640	2	30136	Lindenwood (MO)	-	Totals	-	-	-	23	10	56	160	148	0	8	0	""	""	1585:48	19	1.078	88	0.822	4	""	""	0	40	2	2	7
2012	10640	2	30136	Lindenwood (MO)	-	Opponent Totals	-	-	-	19	10	48	216	129	1	4	0	0	0	""	23	""	62	0.729	7	0	0	0	65	1	1	6
2012	10640	2	360	Lock Haven	-	TEAM	-	-	-	0	0	0	0	161	0	0	0	""	""	""	""	""	""	""	""	""	""	0	 	0	0	0
2012	10640	2	360	Lock Haven	-	Totals	-	-	-	19	9	47	224	174	0	11	0	""	""	1680:00	28	1.500	99	0.780	2	""	""	0	86	0	0	6
2012	10640	2	360	Lock Haven	-	Opponent Totals	-	-	-	28	15	71	245	147	0	10	0	0	0	""	19	""	97	0.836	7	0	0	1	95	4	4	9
2012	10640	2	20794	Lynn	-	TEAM	-	-	-	0	0	0	0	179	0	0	0	6	0	0:00	0	""	5	1.000	""	""	""	0	 	0	0	0
2012	10640	2	20794	Lynn	-	Totals	-	-	-	26	23	75	246	179	1	8	0	""	""	1847:08	17	0.926	106	0.862	8	""	""	0	50	1	1	11
2012	10640	2	20794	Lynn	-	Opponent Totals	-	-	-	17	13	47	276	138	0	3	0	0	0	""	26	""	88	0.772	4	0	0	0	106	1	1	7
2012	10640	2	30137	Malone	-	TEAM	-	-	-	0	0	0	0	73	0	0	0	1	0	0:00	0	""	0	""	""	""	""	0	 	0	0	0
2012	10640	2	30137	Malone	-	Totals	-	-	-	28	16	72	238	80	0	7	0	""	""	1450:16	32	1.986	94	0.746	1	""	""	0	55	1	2	3
2012	10640	2	30137	Malone	-	Opponent Totals	-	-	-	32	23	87	244	72	0	4	0	0	0	""	28	""	106	0.791	9	0	0	0	78	2	3	12
2012	10640	2	384	Mansfield	-	TEAM	-	-	-	0	0	0	0	77	0	0	0	6	0	0:00	0	""	6	1.000	""	""	""	0	 	0	0	0
2012	10640	2	384	Mansfield	-	Totals	-	-	-	11	5	27	99	77	0	1	0	""	""	1534:47	40	2.346	173	0.812	""	""	""	5	33	0	0	2
2012	10640	2	384	Mansfield	-	Opponent Totals	-	-	-	40	27	107	405	101	0	6	0	0	0	""	11	""	41	0.788	9	0	0	2	104	0	0	15
2012	10640	2	1199	Mars Hill	-	TEAM	-	-	-	0	0	0	0	110	0	0	0	2	0	0:00	0	""	2	1.000	""	""	""	0	 	0	0	0
2012	10640	2	1199	Mars Hill	-	Totals	-	-	-	16	12	44	200	110	0	6	0	""	""	1701:10	27	1.428	106	0.797	6	""	""	0	55	1	1	6
2012	10640	2	1199	Mars Hill	-	Opponent Totals	-	-	-	27	16	70	236	95	0	1	0	0	0	""	16	""	95	0.856	7	0	0	0	79	1	1	10
2012	10640	2	30075	Mary	-	TEAM	-	-	-	0	0	0	0	170	0	0	0	3	0	0:00	0	""	3	1.000	""	""	""	0	 	0	0	0
2012	10640	2	30075	Mary	-	Totals	-	-	-	35	32	102	247	170	0	8	0	""	""	1821:58	25	1.235	97	0.795	5	""	""	0	92	1	1	11
2012	10640	2	30075	Mary	-	Opponent Totals	-	-	-	25	21	71	202	134	1	8	0	0	0	""	35	""	100	0.741	3	0	0	0	49	0	1	8
2012	10640	2	395	Maryville (MO)	-	TEAM	-	-	-	0	0	0	0	115	0	0	0	1	0	0:00	0	""	1	1.000	""	""	""	0	 	0	0	0
2012	10640	2	395	Maryville (MO)	-	Totals	-	-	-	13	11	37	145	121	0	2	0	""	""	1585:59	29	1.646	103	0.780	4	""	""	0	51	0	0	4
2012	10640	2	395	Maryville (MO)	-	Opponent Totals	-	-	-	29	23	81	261	167	1	9	0	0	0	""	13	""	52	0.800	7	0	0	0	91	4	4	12
2012	10640	2	30138	McKendree	-	TEAM	-	-	-	3	0	6	0	97	0	3	0	1	0	0:00	0	""	0	""	""	""	""	0	 	0	0	0
2012	10640	2	30138	McKendree	-	Totals	-	-	-	52	36	140	361	97	0	14	0	""	""	1635:59	23	1.265	78	0.772	8	""	""	0	75	0	1	12
2012	10640	2	30138	McKendree	-	Opponent Totals	-	-	-	23	12	58	206	117	0	7	0	0	0	""	52	""	128	0.711	5	0	0	1	35	1	2	6
2012	10640	2	407	Mercy	-	TEAM	-	-	-	0	0	0	0	127	0	0	0	1	0	0:00	0	""	1	1.000	""	""	""	0	 	0	0	0
2012	10640	2	407	Mercy	-	Totals	-	-	-	11	7	29	139	127	0	5	0	""	""	1422:00	60	3.797	87	0.592	1	""	""	0	31	0	0	3
2012	10640	2	407	Mercy	-	Opponent Totals	-	-	-	60	45	165	242	146	0	5	0	0	0	""	11	""	55	0.833	9	0	0	0	47	3	3	13
2012	10640	2	408	Mercyhurst	-	TEAM	-	-	-	0	0	0	0	101	0	0	0	2	0	0:00	0	""	2	1.000	""	""	""	0	 	0	0	0
2012	10640	2	408	Mercyhurst	-	Totals	-	-	-	27	12	66	253	101	0	5	0	""	""	1590:34	30	1.698	67	0.691	5	""	""	0	71	1	2	7
2012	10640	2	408	Mercyhurst	-	Opponent Totals	-	-	-	30	14	74	216	125	1	5	0	0	0	""	27	""	91	0.771	8	0	0	0	97	3	3	10
2012	10640	2	410	Merrimack	-	TEAM	-	-	-	1	0	2	0	173	0	0	0	7	0	0:00	0	""	7	1.000	""	""	""	0	 	0	0	0
2012	10640	2	410	Merrimack	-	Totals	-	-	-	38	32	108	324	182	1	10	0	""	""	2045:11	25	1.100	130	0.839	9	""	""	1	124	2	2	16
2012	10640	2	410	Merrimack	-	Opponent Totals	-	-	-	25	16	66	329	176	0	8	0	0	0	""	38	""	128	0.771	3	0	0	1	85	1	2	4
2012	10640	2	413	Metro St.	-	TEAM	-	-	-	4	0	8	0	86	0	0	0	3	0	0:00	0	""	3	1.000	""	""	""	0	 	0	0	1
2012	10640	2	413	Metro St.	-	Totals	-	-	-	41	26	108	369	155	0	6	0	""	""	1858:42	28	1.356	81	0.743	4	""	""	0	106	3	4	12
2012	10640	2	413	Metro St.	-	Opponent Totals	-	-	-	28	18	74	220	173	0	9	0	0	0	""	41	""	132	0.763	1	0	0	2	44	2	2	7
2012	10640	2	417	Michigan Tech	-	TEAM	-	-	-	0	0	0	0	123	0	1	0	1	0	0:00	0	""	1	1.000	""	""	""	0	 	0	0	0
2012	10640	2	417	Michigan Tech	-	Totals	-	-	-	29	27	85	271	123	0	3	0	""	""	1564:13	33	1.899	82	0.713	2	""	""	0	56	1	2	7
2012	10640	2	417	Michigan Tech	-	Opponent Totals	-	-	-	33	26	92	213	147	0	10	0	0	0	""	29	""	108	0.788	3	0	0	0	61	1	1	9
2012	10640	2	1222	Midwestern St.	-	TEAM	-	-	-	0	0	0	0	168	0	0	0	6	0	0:00	0	""	4	1.000	""	""	""	0	 	0	0	0
2012	10640	2	1222	Midwestern St.	-	Totals	-	-	-	38	32	108	402	168	0	7	0	""	""	2060:24	16	0.699	89	0.848	9	""	""	0	111	0	1	14
2012	10640	2	1222	Midwestern St.	-	Opponent Totals	-	-	-	16	9	41	233	151	0	3	0	0	0	""	38	""	130	0.774	4	0	0	0	84	2	4	6
2012	10640	2	423	Millersville	-	TEAM	-	-	-	0	0	0	0	96	1	1	0	""	""	""	""	""	""	""	""	""	""	0	 	0	0	0
2012	10640	2	423	Millersville	-	Totals	-	-	-	18	9	45	211	96	1	5	0	""	""	1651:06	42	2.289	80	0.656	2	""	""	0	88	2	2	5
2012	10640	2	423	Millersville	-	Opponent Totals	-	-	-	42	36	120	253	129	0	2	0	0	0	1651:06	18	0.981	78	0.812	5	0	0	0	79	0	0	12
2012	10640	2	427	Minn. Duluth	-	TEAM	-	-	-	0	0	0	0	118	0	2	0	1	0	0:00	0	""	1	1.000	""	""	""	0	 	0	0	0
2012	10640	2	427	Minn. Duluth	-	Totals	-	-	-	33	32	98	325	118	0	11	0	""	""	1688:48	24	1.279	98	0.803	6	""	""	0	96	3	3	11
2012	10640	2	427	Minn. Duluth	-	Opponent Totals	-	-	-	24	23	71	210	149	0	8	0	0	0	""	33	""	124	0.790	3	0	0	0	47	0	0	6
2012	10640	2	383	Minn. St. Mankato	-	TEAM	-	-	-	2	0	4	0	163	0	1	0	2	0	0:00	0	""	0	""	""	""	""	0	 	0	0	0
2012	10640	2	383	Minn. St. Mankato	-	Totals	-	-	-	56	50	162	490	166	0	3	0	""	""	2139:17	11	0.463	72	0.867	14	""	""	0	121	1	2	17
2012	10640	2	383	Minn. St. Mankato	-	Opponent Totals	-	-	-	11	9	31	184	162	0	9	0	0	0	""	56	""	193	0.775	4	0	0	0	56	0	0	3
2012	10640	2	1240	Minn. St. Moorhead	-	TEAM	-	-	-	0	0	0	0	102	0	1	0	1	0	0:00	0	""	2	1.000	""	""	""	0	 	0	0	0
2012	10640	2	1240	Minn. St. Moorhead	-	Totals	-	-	-	26	17	69	235	102	0	11	0	""	""	1559:49	26	1.500	80	0.755	5	""	""	0	46	0	0	7
2012	10640	2	1240	Minn. St. Moorhead	-	Opponent Totals	-	-	-	26	20	72	188	117	0	12	0	0	0	""	26	""	111	0.810	7	0	0	0	89	1	1	8
2012	10640	2	27854	Minn.-Crookston	-	TEAM	-	-	-	0	0	0	0	171	1	0	0	1	0	0:00	0	""	1	1.000	""	""	""	0	 	0	0	0
2012	10640	2	27854	Minn.-Crookston	-	Totals	-	-	-	6	5	17	119	171	2	16	0	""	""	1645:59	36	1.968	126	0.778	4	""	""	0	37	0	0	3
2012	10640	2	27854	Minn.-Crookston	-	Opponent Totals	-	-	-	36	31	103	299	163	0	8	0	0	0	""	6	""	56	0.903	13	0	0	0	109	1	4	14
2012	10640	2	30125	Minot St.	-	TEAM	-	-	-	0	0	0	0	99	0	0	0	1	0	0:00	0	""	0	""	""	""	""	0	 	0	0	0
2012	10640	2	30125	Minot St.	-	Totals	-	-	-	27	14	68	205	106	0	12	0	""	""	1172:21	19	1.459	81	0.810	4	""	""	0	48	2	2	7
2012	10640	2	30125	Minot St.	-	Opponent Totals	-	-	-	20	18	58	198	78	0	5	0	0	0	1172:21	32	2.457	78	0.709	4	0	0	0	43	0	0	5
2012	10640	2	435	Missouri S&T	-	TEAM	-	-	-	0	0	0	0	152	0	0	0	1	0	0:00	0	""	1	1.000	""	""	""	0	 	0	0	0
2012	10640	2	435	Missouri S&T	-	Totals	-	-	-	17	16	50	206	152	0	2	0	""	""	1504:31	33	1.974	82	0.713	3	""	""	0	50	2	2	5
2012	10640	2	435	Missouri S&T	-	Opponent Totals	-	-	-	33	27	93	246	128	0	6	0	0	0	""	17	""	81	0.827	8	0	0	0	86	1	2	9
2012	10640	2	9012	Mo. Southern St.	-	TEAM	-	-	-	0	0	0	0	179	0	0	0	5	0	0:00	0	""	2	1.000	""	""	""	0	 	0	0	0
2012	10640	2	9012	Mo. Southern St.	-	Totals	-	-	-	27	21	75	198	185	0	8	0	""	""	1818:07	35	1.733	91	0.722	4	""	""	0	47	1	1	9
2012	10640	2	9012	Mo. Southern St.	-	Opponent Totals	-	-	-	35	13	83	280	152	0	5	0	0	0	""	27	""	68	0.716	3	0	0	0	87	3	3	10
2012	10640	2	9013	Mo. Western St.	-	TEAM	-	-	-	0	0	0	0	113	0	0	0	1	0	0:00	0	""	1	1.000	""	""	""	0	 	0	0	0
2012	10640	2	9013	Mo. Western St.	-	Totals	-	-	-	14	9	37	111	128	0	3	0	""	""	1264:05	28	1.994	114	0.803	1	""	""	0	20	0	0	4
2012	10640	2	9013	Mo. Western St.	-	Opponent Totals	-	-	-	28	19	75	302	110	0	6	0	0	0	""	14	""	48	0.774	6	0	0	0	60	1	1	10
2012	10640	2	436	Mo.-St. Louis	-	TEAM	-	-	-	0	0	0	0	121	0	1	0	2	0	0:00	0	""	2	1.000	""	""	""	0	 	0	0	0
2012	10640	2	436	Mo.-St. Louis	-	Totals	-	-	-	26	19	71	194	121	0	7	0	""	""	1631:01	23	1.269	60	0.723	7	""	""	0	95	0	1	9
2012	10640	2	436	Mo.-St. Louis	-	Opponent Totals	-	-	-	23	23	69	198	116	0	4	0	0	0	""	26	""	60	0.698	5	0	0	0	66	1	1	9
2012	10640	2	437	Molloy	-	TEAM	-	-	-	0	0	0	0	115	0	1	0	1	0	0:00	0	""	0	""	""	""	""	0	 	0	0	0
2012	10640	2	437	Molloy	-	Totals	-	-	-	31	22	84	237	185	0	15	0	""	""	1777:48	31	1.569	109	0.779	3	""	""	1	66	1	2	9
2012	10640	2	437	Molloy	-	Opponent Totals	-	-	-	31	20	82	260	181	0	11	0	0	0	""	31	""	77	0.713	5	0	0	1	87	1	1	9
2012	10640	2	205	Mont. St. Billings	-	TEAM	-	-	-	3	0	6	0	126	1	1	0	1	0	0:00	0	""	1	1.000	""	""	""	0	 	0	0	1
2012	10640	2	205	Mont. St. Billings	-	Totals	-	-	-	35	35	105	203	146	2	8	0	""	""	1707:21	12	0.633	62	0.838	8	""	""	0	87	0	0	11
2012	10640	2	205	Mont. St. Billings	-	Opponent Totals	-	-	-	12	11	35	188	139	1	4	0	0	0	""	35	""	85	0.708	2	0	0	1	45	0	1	3
2012	10640	2	1238	Montevallo	-	TEAM	-	-	-	0	0	0	0	156	0	1	0	3	0	0:00	0	""	2	1.000	""	""	""	0	 	0	0	0
2012	10640	2	1238	Montevallo	-	Totals	-	-	-	21	18	60	205	156	1	13	0	""	""	1665:24	31	1.675	79	0.718	2	""	""	0	63	0	0	6
2012	10640	2	1238	Montevallo	-	Opponent Totals	-	-	-	31	22	84	231	140	0	10	0	0	0	""	21	""	73	0.777	8	0	0	0	71	1	1	11
2012	10640	2	1245	Mount Olive	-	TEAM	-	-	-	1	0	2	0	157	0	0	0	2	0	0:00	0	""	2	1.000	""	""	""	0	 	0	0	0
2012	10640	2	1245	Mount Olive	-	Totals	-	-	-	40	30	110	312	157	1	7	0	""	""	1570:00	15	0.860	83	0.847	5	""	""	0	68	1	1	10
2012	10640	2	1245	Mount Olive	-	Opponent Totals	-	-	-	15	11	41	191	171	0	5	0	0	0	""	40	""	146	0.785	3	0	0	0	61	2	2	5
2012	10640	2	8577	N.M. Highlands	-	TEAM	-	-	-	0	0	0	0	238	0	2	0	4	0	0:00	0	""	0	""	""	""	""	0	 	0	0	0
2012	10640	2	8577	N.M. Highlands	-	Totals	-	-	-	44	39	127	337	256	0	18	0	""	""	1757:10	20	1.024	88	0.815	7	""	""	0	60	2	4	10
2012	10640	2	8577	N.M. Highlands	-	Opponent Totals	-	-	-	20	14	54	244	213	0	14	0	0	0	""	44	""	123	0.737	3	0	0	0	54	0	0	8
2012	10640	2	477	NYIT	-	TEAM	-	-	-	0	0	0	0	99	0	1	0	5	0	0:00	0	""	2	1.000	""	""	""	0	 	0	0	0
2012	10640	2	477	NYIT	-	Totals	-	-	-	32	20	84	270	103	2	6	0	""	""	1518:06	38	2.253	83	0.686	3	""	""	0	58	0	0	7
2012	10640	2	477	NYIT	-	Opponent Totals	-	-	-	38	24	100	226	122	0	9	0	0	0	""	32	""	107	0.770	6	0	0	0	74	1	1	10
2012	10640	2	1156	Neb.-Kearney	-	TEAM	-	-	-	0	0	0	0	170	0	0	0	1	0	0:00	0	""	1	1.000	""	""	""	0	 	0	0	0
2012	10640	2	1156	Neb.-Kearney	-	Totals	-	-	-	20	18	58	174	178	0	8	0	""	""	1647:42	34	1.857	90	0.726	3	""	""	0	61	0	1	5
2012	10640	2	1156	Neb.-Kearney	-	Opponent Totals	-	-	-	34	29	97	230	157	2	5	0	0	0	""	20	""	78	0.796	4	0	0	0	66	1	1	12
2012	10640	2	470	New Haven	-	TEAM	-	-	-	1	0	2	0	147	0	0	0	""	""	""	""	""	""	""	""	""	""	0	 	0	0	0
2012	10640	2	470	New Haven	-	Totals	-	-	-	26	17	69	192	147	0	9	0	""	""	1561:28	20	1.153	89	0.817	4	""	""	0	82	0	0	9
2012	10640	2	470	New Haven	-	Opponent Totals	-	-	-	20	17	57	231	141	0	0	0	0	0	""	26	""	86	0.768	4	0	0	0	56	0	0	8
2012	10640	2	1257	Newberry	-	TEAM	-	-	-	1	0	2	0	149	0	2	0	5	0	0:00	0	""	3	1.000	""	""	""	0	 	0	0	0
2012	10640	2	1257	Newberry	-	Totals	-	-	-	45	34	124	279	161	1	6	0	""	""	1665:00	34	1.838	70	0.673	5	""	""	0	81	0	2	12
2012	10640	2	1257	Newberry	-	Opponent Totals	-	-	-	34	20	88	197	162	0	6	0	0	0	""	45	""	85	0.654	3	0	0	0	56	3	4	7
2012	10640	2	30054	Newman	-	TEAM	-	-	-	0	0	0	0	150	0	0	0	1	0	0:00	0	""	0	""	""	""	""	0	 	0	0	0
2012	10640	2	30054	Newman	-	Totals	-	-	-	16	11	43	182	168	2	11	0	""	""	1619:59	27	1.500	105	0.795	5	""	""	0	46	0	0	4
2012	10640	2	30054	Newman	-	Opponent Totals	-	-	-	27	17	71	251	158	3	6	0	0	0	""	16	""	77	0.828	8	0	0	0	76	2	2	9
2012	10640	2	487	North Ala.	-	TEAM	-	-	-	0	0	0	0	153	0	2	0	4	0	0:00	0	""	2	1.000	""	""	""	0	 	0	0	0
2012	10640	2	487	North Ala.	-	Totals	-	-	-	61	52	174	437	153	1	9	0	""	""	1926:09	17	0.794	44	0.721	10	""	""	0	121	4	5	17
2012	10640	2	487	North Ala.	-	Opponent Totals	-	-	-	17	9	43	131	169	0	18	0	0	0	""	61	""	158	0.721	2	0	0	0	72	3	3	4
2012	10640	2	30052	North Georgia	-	TEAM	-	-	-	0	0	0	0	180	0	0	0	2	0	0:00	0	""	0	""	""	""	""	0	 	0	0	0
2012	10640	2	30052	North Georgia	-	Totals	-	-	-	47	43	137	372	180	0	8	0	""	""	1840:00	17	0.832	69	0.802	8	""	""	0	131	1	1	16
2012	10640	2	30052	North Georgia	-	Opponent Totals	-	-	-	17	11	45	175	162	2	9	0	0	0	""	47	""	124	0.725	3	0	0	0	65	0	1	3
2012	10640	2	9223	North Greenville	-	TEAM	-	-	-	1	0	2	0	94	0	0	0	""	""	""	""	""	""	""	""	""	""	0	 	0	0	0
2012	10640	2	9223	North Greenville	-	Totals	-	-	-	22	16	60	206	101	2	4	0	""	""	1404:53	37	2.370	96	0.722	2	""	""	0	54	0	0	5
2012	10640	2	9223	North Greenville	-	Opponent Totals	-	-	-	37	20	94	287	107	0	4	0	0	0	""	22	""	85	0.794	5	0	0	0	79	4	4	8
2012	10640	2	12810	Northeastern St.	-	TEAM	-	-	-	1	0	2	0	158	0	2	0	5	0	0:00	0	""	4	1.000	""	""	""	0	 	0	0	0
2012	10640	2	12810	Northeastern St.	-	Totals	-	-	-	35	19	89	210	166	1	9	0	""	""	1674:01	20	1.075	98	0.831	5	""	""	1	71	2	3	11
2012	10640	2	12810	Northeastern St.	-	Opponent Totals	-	-	-	20	9	49	226	197	0	11	0	0	0	""	35	""	90	0.720	4	0	0	0	55	2	3	4
2012	10640	2	505	Northern Ky.	-	TEAM	-	-	-	1	0	2	0	161	0	3	0	4	0	0:00	0	""	2	1.000	""	""	""	0	 	0	0	0
2012	10640	2	505	Northern Ky.	-	Totals	-	-	-	65	74	204	337	161	0	7	0	""	""	1874:51	15	0.720	69	0.821	11	""	""	0	135	0	0	16
2012	10640	2	505	Northern Ky.	-	Opponent Totals	-	-	-	15	12	42	182	203	0	13	0	0	0	""	65	""	107	0.622	1	0	0	0	80	1	1	2
2012	10640	2	506	Northern Mich.	-	TEAM	-	-	-	0	0	0	0	128	0	1	0	1	0	0:00	0	""	1	1.000	""	""	""	0	 	0	0	0
2012	10640	2	506	Northern Mich.	-	Totals	-	-	-	29	19	77	214	128	1	10	0	""	""	1819:07	28	1.385	81	0.743	6	""	""	0	76	1	1	10
2012	10640	2	506	Northern Mich.	-	Opponent Totals	-	-	-	28	19	75	200	173	2	6	0	0	0	""	29	""	88	0.752	7	0	0	0	84	1	2	6
2012	10640	2	1266	Northern St.	-	TEAM	-	-	-	1	0	2	1	113	0	0	0	1	0	0:00	0	""	1	1.000	""	""	""	0	 	0	0	0
2012	10640	2	1266	Northern St.	-	Totals	-	-	-	17	7	41	162	113	0	2	0	""	""	1672:31	34	1.830	118	0.776	3	""	""	0	48	0	0	4
2012	10640	2	1266	Northern St.	-	Opponent Totals	-	-	-	34	22	90	310	165	1	6	0	0	0	""	17	""	70	0.805	9	0	0	0	87	1	1	14
2012	10640	2	507	Northwest Mo. St.	-	TEAM	-	-	-	0	0	0	0	143	0	1	0	1	0	0:00	0	""	1	1.000	""	""	""	0	 	0	0	0
2012	10640	2	507	Northwest Mo. St.	-	Totals	-	-	-	35	18	88	262	143	0	2	0	""	""	1764:13	30	1.530	118	0.797	3	""	""	0	80	3	3	10
2012	10640	2	507	Northwest Mo. St.	-	Opponent Totals	-	-	-	30	20	80	243	140	0	6	0	0	0	""	35	""	111	0.760	6	0	0	0	73	0	0	7
2012	10640	2	1274	Northwest Nazarene	-	TEAM	-	-	-	0	0	0	0	110	0	0	0	5	0	0:00	0	""	5	1.000	""	""	""	0	 	0	0	0
2012	10640	2	1274	Northwest Nazarene	-	Totals	-	-	-	19	13	51	153	128	0	8	0	""	""	1729:50	41	2.341	110	0.728	4	""	""	1	59	1	1	4
2012	10640	2	1274	Northwest Nazarene	-	Opponent Totals	-	-	-	41	40	122	268	137	0	3	0	0	0	""	19	""	59	0.756	7	0	0	1	103	1	2	14
2012	10640	2	510	Northwood (MI)	-	TEAM	-	-	-	0	0	0	0	140	0	0	0	3	0	0:00	0	""	4	1.000	""	""	""	0	 	0	0	0
2012	10640	2	510	Northwood (MI)	-	Totals	-	-	-	27	16	70	203	140	1	4	0	""	""	1477:01	44	2.681	83	0.654	2	""	""	0	62	0	1	5
2012	10640	2	510	Northwood (MI)	-	Opponent Totals	-	-	-	44	42	130	238	132	1	8	0	0	0	""	27	""	83	0.755	6	0	0	0	90	0	0	11
2012	10640	2	30126	Notre Dame (OH)	-	TEAM	-	-	-	0	0	0	0	92	0	0	0	2	0	0:00	0	""	2	1.000	""	""	""	0	 	0	0	0
2012	10640	2	30126	Notre Dame (OH)	-	Totals	-	-	-	41	26	108	261	92	0	6	0	""	""	1499:09	15	0.901	98	0.867	7	""	""	0	55	0	0	12
2012	10640	2	30126	Notre Dame (OH)	-	Opponent Totals	-	-	-	15	10	40	192	97	0	6	0	0	0	""	41	""	112	0.732	1	0	0	0	74	0	2	3
2012	10640	2	30056	Notre Dame de Namur	-	TEAM	-	-	-	0	0	0	0	159	0	0	0	2	0	0:00	0	""	1	1.000	""	""	""	0	 	0	0	0
2012	10640	2	30056	Notre Dame de Namur	-	Totals	-	-	-	27	23	77	228	183	1	13	0	""	""	1708:27	31	1.633	102	0.767	5	""	""	0	48	1	1	7
2012	10640	2	30056	Notre Dame de Namur	-	Opponent Totals	-	-	-	31	25	87	266	173	0	12	0	0	0	""	27	""	74	0.733	5	0	0	0	72	1	1	7
2012	10640	2	24639	Nova Southeastern	-	TEAM	-	-	-	0	0	0	0	121	0	0	0	2	0	0:00	0	""	0	""	""	""	""	0	 	0	0	0
2012	10640	2	24639	Nova Southeastern	-	Totals	-	-	-	38	38	114	242	139	0	12	0	""	""	1492:20	19	1.146	58	0.753	6	""	""	0	60	0	0	9
2012	10640	2	24639	Nova Southeastern	-	Opponent Totals	-	-	-	19	18	56	147	121	0	9	0	0	0	""	38	""	89	0.701	5	0	0	0	53	0	0	5
2012	10640	2	1277	Nyack	-	TEAM	-	-	-	0	0	0	0	168	0	1	0	""	""	""	""	""	""	""	""	""	""	0	 	0	0	0
2012	10640	2	1277	Nyack	-	Totals	-	-	-	25	18	68	193	168	1	12	0	""	""	1566:16	32	1.839	70	0.686	2	""	""	0	59	2	2	6
2012	10640	2	1277	Nyack	-	Opponent Totals	-	-	-	33	22	88	180	166	0	9	0	0	0	""	25	""	95	0.792	5	0	0	0	69	3	4	11
2012	10640	2	1278	Oakland City	-	TEAM	-	-	-	0	0	0	0	10	0	0	0	""	""	""	""	""	""	""	""	""	""	0	 	0	0	0
2012	10640	2	1278	Oakland City	-	Totals	-	-	-	25	30	80	130	26	0	0	0	""	""	1279:27	54	3.799	152	0.738	3	""	""	0	26	1	1	5
2012	10640	2	1278	Oakland City	-	Opponent Totals	-	-	-	51	35	137	341	55	0	1	0	0	0	""	25	""	53	0.679	5	0	0	0	75	0	0	9
2012	10640	2	30119	Ohio Dominican	-	TEAM	-	-	-	0	0	0	0	161	0	0	0	2	0	0:00	0	""	2	1.000	""	""	""	0	 	0	0	0
2012	10640	2	30119	Ohio Dominican	-	Totals	-	-	-	31	22	84	265	161	1	1	0	""	""	1793:25	15	0.753	72	0.828	10	""	""	0	90	0	0	10
2012	10640	2	30119	Ohio Dominican	-	Opponent Totals	-	-	-	15	4	34	164	163	1	6	0	0	0	""	31	""	109	0.779	6	0	0	0	71	1	2	6
2012	10640	2	15207	Ohio Valley	-	TEAM	-	-	-	0	0	0	0	92	0	0	0	1	0	0:00	0	""	1	1.000	""	""	""	0	 	0	0	0
2012	10640	2	15207	Ohio Valley	-	Totals	-	-	-	13	11	37	176	97	0	2	0	""	""	1545:38	39	2.271	103	0.725	1	""	""	0	72	0	0	3
2012	10640	2	15207	Ohio Valley	-	Opponent Totals	-	-	-	39	20	98	281	86	0	3	0	0	0	""	13	""	66	0.835	13	0	0	0	83	1	1	12
2012	10640	2	1289	Ouachita Baptist	-	TEAM	-	-	-	0	0	0	0	118	1	2	0	1	0	0:00	0	""	0	""	""	""	""	0	 	0	0	0
2012	10640	2	1289	Ouachita Baptist	-	Totals	-	-	-	27	25	79	291	118	1	8	0	""	""	1658:56	12	0.651	53	0.815	8	""	""	0	99	1	1	8
2012	10640	2	1289	Ouachita Baptist	-	Opponent Totals	-	-	-	12	7	31	106	145	0	4	0	0	0	""	27	""	133	0.831	6	0	0	1	61	0	0	10
2012	10640	2	533	Pace	-	TEAM	-	-	-	0	0	0	0	136	0	0	0	2	0	0:00	0	""	1	1.000	""	""	""	0	 	0	0	0
2012	10640	2	533	Pace	-	Totals	-	-	-	27	16	70	194	136	0	2	0	""	""	1669:08	32	1.725	130	0.802	3	""	""	0	61	1	1	8
2012	10640	2	533	Pace	-	Opponent Totals	-	-	-	32	24	88	283	147	1	3	0	0	0	""	27	""	81	0.750	8	0	0	0	95	2	2	9
2012	10640	2	30045	Palm Beach Atl.	-	TEAM	-	-	-	0	0	0	0	113	0	1	0	2	0	0:00	0	""	1	1.000	""	""	""	0	 	0	0	0
2012	10640	2	30045	Palm Beach Atl.	-	Totals	-	-	-	22	16	60	147	113	1	8	0	""	""	1454:38	25	1.547	101	0.802	5	""	""	0	60	2	2	6
2012	10640	2	30045	Palm Beach Atl.	-	Opponent Totals	-	-	-	25	22	72	251	135	1	9	0	0	0	""	22	""	43	0.662	5	0	0	0	80	2	2	8
2012	10640	2	542	Pfeiffer	-	TEAM	-	-	-	1	0	2	0	187	0	2	0	3	0	0:00	0	""	1	1.000	""	""	""	0	 	0	0	1
2012	10640	2	542	Pfeiffer	-	Totals	-	-	-	35	22	92	297	187	2	18	0	""	""	1830:20	30	1.475	108	0.783	7	""	""	0	81	2	3	9
2012	10640	2	542	Pfeiffer	-	Opponent Totals	-	-	-	30	18	78	261	151	0	10	0	0	0	""	35	""	114	0.765	6	0	0	1	76	1	1	10
2012	10640	2	543	Philadelphia U.	-	TEAM	-	-	-	0	0	0	0	170	0	0	0	7	0	0:00	0	""	0	""	""	""	""	0	 	0	0	0
2012	10640	2	543	Philadelphia U.	-	Totals	-	-	-	43	38	124	323	170	0	4	0	""	""	1932:12	8	0.373	81	0.910	15	""	""	3	91	0	0	15
2012	10640	2	543	Philadelphia U.	-	Opponent Totals	-	-	-	8	4	20	176	117	0	5	0	0	0	""	43	""	140	0.765	4	0	0	4	77	1	1	3
2012	10640	2	546	Pitt.-Johnstown	-	TEAM	-	-	-	0	0	0	0	97	0	0	0	1	0	0:00	0	""	2	1.000	""	""	""	0	 	0	0	0
2012	10640	2	546	Pitt.-Johnstown	-	Totals	-	-	-	9	5	23	146	107	1	4	0	""	""	1350:00	41	2.733	118	0.742	2	""	""	0	24	1	1	3
2012	10640	2	546	Pitt.-Johnstown	-	Opponent Totals	-	-	-	41	22	104	300	109	0	1	0	0	0	""	9	""	65	0.878	11	0	0	0	79	3	3	12
2012	10640	2	1318	Post	-	TEAM	-	-	-	0	0	0	0	63	0	0	0	1	0	0:00	0	""	1	1.000	""	""	""	0	 	0	0	0
2012	10640	2	1318	Post	-	Totals	-	-	-	30	19	79	173	64	0	2	0	""	""	1460:17	28	1.726	128	0.821	4	""	""	0	50	5	5	5
2012	10640	2	1318	Post	-	Opponent Totals	-	-	-	28	20	76	315	72	1	4	0	0	0	""	30	""	66	0.688	4	0	0	0	90	2	2	8
2012	10640	2	11504	Queens (NC)	-	TEAM	-	-	-	0	0	0	0	149	0	0	0	3	0	0:00	0	""	4	1.000	""	""	""	0	 	0	0	0
2012	10640	2	11504	Queens (NC)	-	Totals	-	-	-	40	27	107	287	163	0	5	0	""	""	1797:04	31	1.553	71	0.696	5	""	""	0	101	0	0	7
2012	10640	2	11504	Queens (NC)	-	Opponent Totals	-	-	-	31	18	80	202	149	1	7	0	0	0	""	40	""	105	0.724	2	0	0	0	64	0	1	8
2012	10640	2	560	Queens (NY)	-	TEAM	-	-	-	0	0	0	0	109	0	1	0	""	""	""	""	""	""	""	""	""	""	0	 	0	0	0
2012	10640	2	560	Queens (NY)	-	Totals	-	-	-	34	21	89	225	109	0	7	0	""	""	1374:22	16	1.048	49	0.754	5	""	""	0	54	1	1	7
2012	10640	2	560	Queens (NY)	-	Opponent Totals	-	-	-	16	10	42	129	82	1	2	0	0	0	""	34	""	75	0.688	3	0	0	0	34	0	0	7
2012	10640	2	561	Quincy	-	TEAM	-	-	-	1	0	2	0	144	0	0	0	6	0	0:00	0	""	6	1.000	""	""	""	0	 	0	0	0
2012	10640	2	561	Quincy	-	Totals	-	-	-	32	19	83	351	149	0	9	0	""	""	2063:22	10	0.436	57	0.851	14	""	""	0	130	2	1	15
2012	10640	2	561	Quincy	-	Opponent Totals	-	-	-	10	8	28	152	165	0	8	0	0	0	""	32	""	117	0.785	4	0	0	0	51	0	0	5
2012	10640	2	568	Regis (CO)	-	TEAM	-	-	-	0	0	0	0	165	0	0	0	2	0	0:00	0	""	0	""	""	""	""	0	 	0	0	0
2012	10640	2	568	Regis (CO)	-	Totals	-	-	-	43	40	126	366	172	1	8	0	""	""	1908:13	18	0.849	95	0.841	10	""	""	1	101	0	0	15
2012	10640	2	568	Regis (CO)	-	Opponent Totals	-	-	-	18	15	51	233	181	1	6	0	0	0	""	43	""	125	0.744	2	0	0	0	54	1	2	6
2012	10640	2	1328	Rockhurst	-	TEAM	-	-	-	0	0	0	0	197	0	0	0	1	0	0:00	0	""	1	1.000	""	""	""	0	 	0	0	0
2012	10640	2	1328	Rockhurst	-	Totals	-	-	-	38	40	116	341	197	1	5	0	""	""	1860:00	13	0.629	51	0.797	11	""	""	1	135	2	3	12
2012	10640	2	1328	Rockhurst	-	Opponent Totals	-	-	-	13	12	38	138	157	1	12	0	0	0	""	38	""	117	0.755	5	0	0	0	51	0	0	5
2012	10640	2	584	Rollins	-	TEAM	-	-	-	0	0	0	0	164	0	0	0	2	0	0:00	0	""	2	1.000	""	""	""	0	 	0	0	0
2012	10640	2	584	Rollins	-	Totals	-	-	-	34	32	100	309	171	0	14	0	""	""	1737:26	8	0.414	62	0.886	14	""	""	0	109	0	1	14
2012	10640	2	584	Rollins	-	Opponent Totals	-	-	-	8	8	24	138	175	0	14	0	0	0	""	26	""	115	0.816	4	0	0	0	58	1	1	3
2012	10640	2	11276	S.C. Aiken	-	TEAM	-	-	-	0	0	0	0	158	0	2	0	4	0	0:00	0	""	3	1.000	""	""	""	0	 	0	0	0
2012	10640	2	11276	S.C. Aiken	-	Totals	-	-	-	9	1	19	139	165	1	17	0	""	""	1446:00	33	2.054	96	0.744	3	""	""	0	48	1	2	4
2012	10640	2	11276	S.C. Aiken	-	Opponent Totals	-	-	-	33	26	92	273	130	1	5	0	0	0	""	9	""	56	0.862	10	0	0	0	77	0	0	12
2012	10640	2	591	Saginaw Valley	-	TEAM	-	-	-	1	0	2	0	172	0	0	0	4	0	0:00	0	""	4	1.000	""	""	""	0	 	0	0	0
2012	10640	2	591	Saginaw Valley	-	Totals	-	-	-	16	13	45	188	172	0	13	0	""	""	1532:18	16	0.940	82	0.837	7	""	""	0	57	0	0	6
2012	10640	2	591	Saginaw Valley	-	Opponent Totals	-	-	-	16	13	45	216	164	1	7	0	0	0	""	16	""	71	0.816	7	0	0	0	69	1	2	8
2012	10640	2	608	Saint Leo	-	TEAM	-	-	-	0	0	0	0	174	0	0	0	6	0	0:00	0	""	7	1.000	""	""	""	0	 	0	0	0
2012	10640	2	608	Saint Leo	-	Totals	-	-	-	49	42	140	295	174	3	10	0	""	""	1712:00	18	0.946	72	0.800	7	""	""	0	96	1	1	15
2012	10640	2	608	Saint Leo	-	Opponent Totals	-	-	-	18	13	49	201	199	1	27	0	0	0	""	49	""	98	0.667	1	0	0	0	90	0	0	3
2012	10640	2	1343	Saint Martin's	-	TEAM	-	-	-	0	0	0	0	107	0	0	0	9	0	0:00	0	""	15	1.000	""	""	""	0	 	0	0	0
2012	10640	2	1343	Saint Martin's	-	Totals	-	-	-	10	7	27	155	118	0	1	0	""	""	1683:51	29	1.550	125	0.812	3	""	""	0	57	1	2	4
2012	10640	2	1343	Saint Martin's	-	Opponent Totals	-	-	-	29	22	80	275	151	2	8	0	0	0	""	10	""	75	0.882	10	0	0	0	92	0	0	12
2012	10640	2	613	Saint Michael's	-	TEAM	-	-	-	0	0	0	0	146	0	0	0	""	""	""	""	""	""	""	""	""	""	0	 	0	0	0
2012	10640	2	613	Saint Michael's	-	Totals	-	-	-	14	11	39	231	151	0	6	0	""	""	1539:18	26	1.520	95	0.785	4	""	""	0	46	0	0	6
2012	10640	2	613	Saint Michael's	-	Opponent Totals	-	-	-	26	26	78	234	166	1	6	0	0	0	""	14	""	97	0.874	8	0	0	0	70	0	0	10
2012	10640	2	1347	Saint Rose	-	TEAM	-	-	-	0	0	0	0	239	0	0	0	11	0	0:00	0	""	3	1.000	""	""	""	0	 	0	0	0
2012	10640	2	1347	Saint Rose	-	Totals	-	-	-	90	65	245	552	252	0	5	0	""	""	2374:31	13	0.493	78	0.857	16	""	""	0	214	1	2	24
2012	10640	2	1347	Saint Rose	-	Opponent Totals	-	-	-	13	7	33	178	202	1	10	0	0	0	2374:31	90	3.411	191	0.680	1	0	0	0	60	0	2	1
2012	10640	2	19117	Salem Int'l	-	TEAM	-	-	-	0	0	0	0	44	0	1	0	""	""	""	""	""	""	""	""	""	""	0	 	0	0	0
2012	10640	2	19117	Salem Int'l	-	Totals	-	-	-	18	7	43	181	82	0	3	0	""	""	1350:00	46	3.067	190	0.805	1	""	""	0	44	1	1	1
2012	10640	2	19117	Salem Int'l	-	Opponent Totals	-	-	-	46	26	118	407	101	0	9	0	0	0	""	18	""	83	0.822	5	0	0	0	78	0	0	8
2012	10640	2	628	San Fran. St.	-	TEAM	-	-	-	0	0	0	0	166	0	0	0	4	0	0:00	0	""	3	1.000	""	""	""	0	 	0	0	0
2012	10640	2	628	San Fran. St.	-	Totals	-	-	-	19	14	52	195	166	0	6	0	""	""	1709:44	22	1.158	105	0.827	8	""	""	0	67	0	0	8
2012	10640	2	628	San Fran. St.	-	Opponent Totals	-	-	-	22	22	66	258	182	0	11	0	0	0	""	19	""	71	0.789	5	0	0	0	80	1	2	8
2012	10640	2	634	Seattle Pacific	-	TEAM	-	-	-	0	0	0	0	58	0	0	0	4	0	0:00	0	""	1	1.000	""	""	""	0	 	0	0	0
2012	10640	2	634	Seattle Pacific	-	Totals	-	-	-	56	51	163	355	151	1	6	0	""	""	1800:00	13	0.650	65	0.833	11	""	""	0	91	2	3	17
2012	10640	2	634	Seattle Pacific	-	Opponent Totals	-	-	-	13	10	36	169	193	0	14	0	0	0	""	56	""	106	0.654	2	0	0	3	54	0	0	3
2012	10640	2	30063	Seton Hill	-	TEAM	-	-	-	0	0	0	0	43	0	2	0	""	""	""	""	""	""	""	""	""	""	0	 	0	0	0
2012	10640	2	30063	Seton Hill	-	Totals	-	-	-	17	8	42	222	92	0	10	0	""	""	1581:01	19	1.082	53	0.736	8	""	""	0	88	0	0	8
2012	10640	2	30063	Seton Hill	-	Opponent Totals	-	-	-	19	14	52	129	111	0	7	0	0	0	""	17	""	103	0.858	7	0	0	0	46	0	0	7
2012	10640	2	10870	Shepherd	-	TEAM	-	-	-	0	0	0	0	70	0	0	0	1	0	0:00	3	""	6	0.667	""	""	""	0	 	0	0	0
2012	10640	2	10870	Shepherd	-	Totals	-	-	-	31	23	85	208	70	0	1	0	""	""	1579:00	25	1.425	90	0.783	5	""	""	0	60	0	0	8
2012	10640	2	10870	Shepherd	-	Opponent Totals	-	-	-	25	17	67	214	49	2	6	0	0	0	""	31	""	79	0.718	4	0	0	0	58	0	0	8
2012	10640	2	638	Shippensburg	-	TEAM	-	-	-	0	0	0	0	158	0	0	0	2	0	0:00	0	""	1	1.000	""	""	""	0	 	0	0	0
2012	10640	2	638	Shippensburg	-	Totals	-	-	-	15	8	38	228	158	0	4	0	""	""	1682:06	21	1.124	80	0.792	4	""	""	0	93	0	1	5
2012	10640	2	638	Shippensburg	-	Opponent Totals	-	-	-	21	15	57	198	159	0	5	0	0	0	""	15	""	92	0.860	9	0	0	1	71	2	2	9
2012	10640	2	30127	Simon Fraser	-	TEAM	-	-	-	0	0	0	0	117	0	0	0	7	0	0:00	0	""	10	1.000	""	""	""	0	 	0	0	0
2012	10640	2	30127	Simon Fraser	-	Totals	-	-	-	5	1	11	93	128	0	4	0	""	""	1390:00	23	1.489	99	0.811	1	""	""	8	37	0	1	1
2012	10640	2	30127	Simon Fraser	-	Opponent Totals	-	-	-	23	17	63	247	127	1	6	0	0	0	""	5	""	42	0.894	11	0	0	3	103	0	1	12
2012	10640	2	30128	Sioux Falls	-	TEAM	-	-	-	1	0	2	0	122	0	0	0	""	""	""	""	""	""	""	""	""	""	0	 	0	0	0
2012	10640	2	30128	Sioux Falls	-	Totals	-	-	-	20	11	51	160	122	1	2	0	""	""	1478:59	45	2.738	108	0.706	3	""	""	0	47	0	0	5
2012	10640	2	30128	Sioux Falls	-	Opponent Totals	-	-	-	36	26	98	284	116	1	3	0	0	0	""	20	""	72	0.783	8	0	0	0	85	0	2	10
2012	10640	2	643	Slippery Rock	-	TEAM	-	-	-	1	0	2	0	177	0	1	0	2	0	0:00	0	""	2	1.000	""	""	""	0	 	0	0	0
2012	10640	2	643	Slippery Rock	-	Totals	-	-	-	37	34	108	274	177	0	4	0	""	""	2081:05	13	0.562	96	0.881	15	""	""	0	104	0	0	16
2012	10640	2	643	Slippery Rock	-	Opponent Totals	-	-	-	13	8	34	216	180	0	4	0	0	0	""	37	""	97	0.724	5	0	0	0	112	1	3	5
2012	10640	2	645	Sonoma St.	-	TEAM	-	-	-	0	0	0	0	175	0	0	0	4	0	0:00	0	""	6	1.000	""	""	""	0	 	0	0	0
2012	10640	2	645	Sonoma St.	-	Totals	-	-	-	22	21	65	245	175	0	9	0	""	""	1709:52	20	1.053	66	0.767	7	""	""	0	90	0	2	8
2012	10640	2	645	Sonoma St.	-	Opponent Totals	-	-	-	20	20	60	184	209	0	14	0	0	0	""	22	""	84	0.792	4	0	0	0	52	0	1	7
2012	10640	2	658	Southern Conn. St.	-	TEAM	-	-	-	0	0	0	0	131	0	0	0	1	0	0:00	0	""	0	""	""	""	""	0	 	0	0	0
2012	10640	2	658	Southern Conn. St.	-	Totals	-	-	-	21	10	52	217	134	0	2	0	""	""	1648:34	12	0.655	64	0.842	13	""	""	0	56	1	2	10
2012	10640	2	658	Southern Conn. St.	-	Opponent Totals	-	-	-	12	9	33	147	150	0	8	0	0	0	""	21	""	90	0.811	5	0	0	0	53	1	1	5
2012	10640	2	661	Southern Ind.	-	TEAM	-	-	-	0	0	0	0	190	0	1	0	3	0	0:00	0	""	3	1.000	""	""	""	0	 	0	0	0
2012	10640	2	661	Southern Ind.	-	Totals	-	-	-	21	19	61	226	190	0	12	0	""	""	1781:01	24	1.213	131	0.845	6	""	""	0	74	1	2	9
2012	10640	2	661	Southern Ind.	-	Opponent Totals	-	-	-	24	26	74	321	160	0	5	0	0	0	""	21	""	92	0.814	8	0	0	0	125	0	1	8
2012	10640	2	468	Southern N.H.	-	TEAM	-	-	-	0	0	0	0	156	0	1	0	3	0	0:00	0	""	3	1.000	""	""	""	0	 	0	0	0
2012	10640	2	468	Southern N.H.	-	Totals	-	-	-	37	31	105	311	159	0	6	0	""	""	1855:59	29	1.406	73	0.716	5	""	""	0	63	0	1	9
2012	10640	2	468	Southern N.H.	-	Opponent Totals	-	-	-	29	18	76	205	178	0	5	0	0	0	""	37	""	102	0.734	3	0	0	0	88	1	1	8
2012	10640	2	2755	Southwest Baptist	-	TEAM	-	-	-	1	0	2	0	133	0	0	0	2	0	0:00	0	""	2	1.000	""	""	""	0	 	0	0	0
2012	10640	2	2755	Southwest Baptist	-	Totals	-	-	-	12	3	27	197	140	0	10	0	""	""	1643:35	37	2.026	147	0.799	3	""	""	0	57	1	1	4
2012	10640	2	2755	Southwest Baptist	-	Opponent Totals	-	-	-	37	24	98	369	156	0	4	0	0	0	""	12	""	87	0.879	10	0	0	0	87	1	2	12
2012	10640	2	8736	Southwest Minn. St.	-	TEAM	-	-	-	0	0	0	0	135	0	1	0	2	0	0:00	0	""	2	1.000	""	""	""	0	 	0	0	0
2012	10640	2	8736	Southwest Minn. St.	-	Totals	-	-	-	13	8	34	116	135	0	10	0	""	""	1560:00	28	1.615	183	0.867	4	""	""	0	46	1	1	5
2012	10640	2	8736	Southwest Minn. St.	-	Opponent Totals	-	-	-	28	26	82	389	144	0	6	0	0	0	""	13	""	47	0.783	8	0	0	0	95	0	0	11
2012	10640	2	8744	Southwestern Okla.	-	TEAM	-	-	-	0	0	0	0	150	0	2	0	3	0	0:00	0	""	5	1.000	""	""	""	0	 	0	0	0
2012	10640	2	8744	Southwestern Okla.	-	Totals	-	-	-	28	20	76	243	150	0	8	0	""	""	1757:59	27	1.382	96	0.780	4	""	""	0	75	2	2	5
2012	10640	2	8744	Southwestern Okla.	-	Opponent Totals	-	-	-	27	15	69	221	175	1	8	0	0	0	""	28	""	102	0.785	6	0	0	0	73	3	4	10
2012	10640	2	592	St. Andrews	-	TEAM	-	-	-	0	0	0	0	41	0	0	0	3	0	0:00	0	""	3	1.000	""	""	""	0	 	0	0	0
2012	10640	2	592	St. Andrews	-	Totals	-	-	-	12	6	30	158	126	0	5	0	""	""	1550:00	71	4.123	193	0.731	1	""	""	0	53	0	0	2
2012	10640	2	592	St. Andrews	-	Opponent Totals	-	-	-	71	44	186	465	131	0	2	0	0	0	""	12	""	54	0.818	12	0	0	0	129	3	3	14
2012	10640	2	593	St. Anselm	-	TEAM	-	-	-	0	0	0	0	125	0	0	0	""	""	""	""	""	""	""	""	""	""	0	 	0	0	0
2012	10640	2	593	St. Anselm	-	Totals	-	-	-	13	10	36	157	125	0	2	0	""	""	1578:34	20	1.140	86	0.811	4	""	""	0	73	1	1	3
2012	10640	2	593	St. Anselm	-	Opponent Totals	-	-	-	20	12	52	263	109	0	2	0	0	0	""	13	""	67	0.838	8	0	0	0	75	0	0	10
2012	10640	2	598	St. Cloud St.	-	TEAM	-	-	-	2	0	4	0	159	0	0	0	1	0	0:00	0	""	2	1.000	""	""	""	0	 	0	0	2
2012	10640	2	598	St. Cloud St.	-	Totals	-	-	-	22	14	58	254	159	0	8	0	""	""	1901:12	23	1.089	100	0.813	9	""	""	0	63	0	1	11
2012	10640	2	598	St. Cloud St.	-	Opponent Totals	-	-	-	23	22	68	259	139	0	9	0	0	0	""	22	""	114	0.838	7	0	0	0	86	0	0	8
2012	10640	2	1334	St. Edward's	-	TEAM	-	-	-	1	0	2	0	77	0	0	0	7	0	0:00	0	""	1	1.000	""	""	""	0	 	0	0	0
2012	10640	2	1334	St. Edward's	-	Totals	-	-	-	46	35	127	326	166	1	4	0	""	""	1748:19	11	0.566	44	0.800	11	""	""	0	155	0	0	15
2012	10640	2	1334	St. Edward's	-	Opponent Totals	-	-	-	11	5	27	90	158	0	4	0	0	0	""	46	""	116	0.716	4	0	0	0	25	0	0	3
2012	10640	2	604	St. Joseph's (IN)	-	TEAM	-	-	-	0	0	0	0	64	0	0	0	1	0	0:00	0	""	1	1.000	""	""	""	0	 	0	0	0
2012	10640	2	604	St. Joseph's (IN)	-	Totals	-	-	-	11	7	29	133	76	0	2	0	""	""	1644:52	58	3.174	154	0.726	1	""	""	0	44	0	0	2
2012	10640	2	604	St. Joseph's (IN)	-	Opponent Totals	-	-	-	58	51	167	430	69	0	7	0	0	0	""	11	""	59	0.843	9	0	0	0	148	1	3	16
2012	10640	2	1346	St. Mary's (TX)	-	TEAM	-	-	-	0	0	0	0	150	0	1	0	""	""	""	""	""	""	""	""	""	""	0	 	0	0	0
2012	10640	2	1346	St. Mary's (TX)	-	Totals	-	-	-	27	15	69	207	161	0	8	0	""	""	1683:50	34	1.817	94	0.734	4	""	""	0	52	0	1	8
2012	10640	2	1346	St. Mary's (TX)	-	Opponent Totals	-	-	-	34	24	92	241	149	2	8	0	0	0	""	27	""	89	0.767	6	0	0	0	88	0	0	8
2012	10640	2	1348	St. Thomas Aquinas	-	TEAM	-	-	-	0	0	0	0	125	0	0	0	2	0	0:00	0	""	3	1.000	""	""	""	0	 	0	0	0
2012	10640	2	1348	St. Thomas Aquinas	-	Totals	-	-	-	12	8	32	158	134	0	8	0	""	""	1390:00	47	3.043	92	0.662	2	""	""	1	39	0	1	2
2012	10640	2	1348	St. Thomas Aquinas	-	Opponent Totals	-	-	-	47	30	124	262	104	0	3	0	0	0	""	12	""	67	0.848	8	0	0	1	89	2	2	11
2012	10640	2	682	Stonehill	-	TEAM	-	-	-	0	0	0	0	189	0	0	0	2	0	0:00	0	""	1	1.000	""	""	""	0	 	0	0	0
2012	10640	2	682	Stonehill	-	Totals	-	-	-	29	18	76	259	189	1	9	0	""	""	1858:09	14	0.678	100	0.877	10	""	""	0	79	1	1	11
2012	10640	2	682	Stonehill	-	Opponent Totals	-	-	-	14	7	35	261	134	0	3	0	0	0	""	29	""	88	0.752	8	0	0	0	74	0	0	7
2012	10640	2	689	Tampa	-	TEAM	-	-	-	0	0	0	0	218	0	1	0	3	0	0:00	0	""	2	1.000	""	""	""	0	 	0	0	0
2012	10640	2	689	Tampa	-	Totals	-	-	-	54	52	160	338	228	0	17	0	""	""	2222:01	16	0.648	53	0.768	11	""	""	1	141	3	3	16
2012	10640	2	689	Tampa	-	Opponent Totals	-	-	-	16	13	45	171	172	2	9	0	0	0	""	54	""	110	0.671	6	0	0	0	68	0	1	6
2012	10640	2	30090	Tex. A&M Int'l	-	TEAM	-	-	-	1	0	2	0	169	1	0	0	""	""	""	""	""	""	""	""	""	""	0	 	0	0	0
2012	10640	2	30090	Tex. A&M Int'l	-	Totals	-	-	-	13	4	30	140	177	2	14	0	""	""	1681:20	46	2.462	92	0.667	2	""	""	0	46	2	2	2
2012	10640	2	30090	Tex. A&M Int'l	-	Opponent Totals	-	-	-	46	39	131	271	149	0	14	0	0	0	""	13	""	65	0.833	9	0	0	0	76	1	1	15
2012	10640	2	199	Tex. A&M-Commerce	-	TEAM	-	-	-	0	0	0	0	161	0	1	0	2	0	0:00	0	""	2	1.000	""	""	""	0	 	0	0	0
2012	10640	2	199	Tex. A&M-Commerce	-	Totals	-	-	-	29	25	83	301	161	0	10	0	""	""	1872:27	32	1.538	103	0.763	3	""	""	0	91	0	0	8
2012	10640	2	199	Tex. A&M-Commerce	-	Opponent Totals	-	-	-	32	20	84	273	166	1	5	0	0	0	""	29	""	113	0.796	7	0	0	0	65	4	4	9
2012	10640	2	30088	Tex. Permian Basin	-	TEAM	-	-	-	0	0	0	0	96	0	1	0	1	0	0:00	0	""	0	""	""	""	""	0	 	0	0	0
2012	10640	2	30088	Tex. Permian Basin	-	Totals	-	-	-	17	10	44	170	110	1	7	0	""	""	1673:41	59	3.173	159	0.729	2	""	""	0	28	0	1	4
2012	10640	2	30088	Tex. Permian Basin	-	Opponent Totals	-	-	-	59	39	157	389	110	0	3	0	0	0	""	17	""	68	0.800	7	0	0	0	98	0	0	13
2012	10640	2	701	Texas Woman's	-	TEAM	-	-	-	0	0	0	0	128	0	1	0	1	0	0:00	0	""	1	1.000	""	""	""	0	 	0	0	0
2012	10640	2	701	Texas Woman's	-	Totals	-	-	-	17	10	44	190	131	0	7	0	""	""	1693:15	41	2.179	109	0.727	""	""	""	0	40	1	1	1
2012	10640	2	701	Texas Woman's	-	Opponent Totals	-	-	-	41	32	114	311	144	0	8	0	0	0	""	17	""	76	0.817	5	0	0	0	99	0	0	14
2012	10640	2	1403	Tiffin	-	TEAM	-	-	-	0	0	0	0	198	0	0	0	6	0	0:00	0	""	5	1.000	""	""	""	0	 	0	0	0
2012	10640	2	1403	Tiffin	-	Totals	-	-	-	36	39	111	235	198	0	11	0	""	""	1880:00	37	1.771	145	0.797	6	""	""	0	86	1	1	9
2012	10640	2	1403	Tiffin	-	Opponent Totals	-	-	-	37	32	106	370	225	0	11	0	0	0	1880:00	36	1.723	90	0.714	4	0	0	0	106	1	3	8
2012	10640	2	499	Truman	-	TEAM	-	-	-	0	0	0	0	154	0	0	0	3	0	0:00	0	""	1	1.000	""	""	""	0	 	0	0	0
2012	10640	2	499	Truman	-	Totals	-	-	-	27	20	74	350	170	0	4	0	""	""	1785:43	23	1.159	54	0.701	8	""	""	0	79	2	3	11
2012	10640	2	499	Truman	-	Opponent Totals	-	-	-	23	13	59	153	173	0	12	0	0	0	""	27	""	133	0.831	4	0	0	0	50	0	0	6
2012	10640	2	12830	Tusculum	-	TEAM	-	-	-	1	0	2	0	142	0	2	0	1	0	0:00	0	""	1	1.000	""	""	""	0	 	0	0	0
2012	10640	2	12830	Tusculum	-	Totals	-	-	-	33	21	87	261	142	1	9	0	""	""	1793:58	28	1.405	112	0.800	7	""	""	0	84	1	1	10
2012	10640	2	12830	Tusculum	-	Opponent Totals	-	-	-	28	23	79	279	145	0	5	0	0	0	""	33	""	99	0.750	3	0	0	0	67	2	4	7
2012	10640	2	112	UC San Diego	-	TEAM	-	-	-	0	0	0	0	109	0	0	0	5	0	0:00	0	""	2	1.000	""	""	""	0	 	0	0	0
2012	10640	2	112	UC San Diego	-	Totals	-	-	-	37	37	111	303	131	0	1	0	""	""	1886:13	7	0.334	62	0.899	14	""	""	0	126	0	1	13
2012	10640	2	112	UC San Diego	-	Opponent Totals	-	-	-	7	5	19	181	191	0	5	0	0	0	""	37	""	106	0.741	5	0	0	0	43	0	0	3
2012	10640	2	9754	UC-Colo. Springs	-	TEAM	-	-	-	1	0	2	0	175	0	0	0	2	0	0:00	0	""	1	1.000	""	""	""	0	 	0	0	0
2012	10640	2	9754	UC-Colo. Springs	-	Totals	-	-	-	29	19	77	275	176	1	8	0	""	""	1683:53	30	1.603	86	0.741	3	""	""	0	104	1	1	8
2012	10640	2	9754	UC-Colo. Springs	-	Opponent Totals	-	-	-	30	27	87	236	156	0	10	0	0	0	""	29	""	99	0.773	5	0	0	0	91	2	2	9
2012	10640	2	309	UIndy	-	TEAM	-	-	-	0	0	0	0	129	0	1	0	4	0	0:00	0	""	4	1.000	""	""	""	0	 	0	0	0
2012	10640	2	309	UIndy	-	Totals	-	-	-	28	25	81	210	135	0	11	0	""	""	1726:22	22	1.147	99	0.818	6	""	""	2	62	0	1	11
2012	10640	2	309	UIndy	-	Opponent Totals	-	-	-	22	16	60	263	145	0	13	0	0	0	""	28	""	83	0.748	5	0	0	0	115	1	3	8
2012	10640	2	368	UMass Lowell	-	TEAM	-	-	-	0	0	0	0	195	0	0	0	""	""	""	""	""	""	""	""	""	""	0	 	0	0	0
2012	10640	2	368	UMass Lowell	-	Totals	-	-	-	26	19	71	319	195	0	9	0	""	""	1983:04	17	0.772	79	0.823	9	""	""	0	90	0	0	11
2012	10640	2	368	UMass Lowell	-	Opponent Totals	-	-	-	17	14	48	188	155	0	4	0	0	0	""	26	""	137	0.840	4	0	0	0	70	0	0	6
2012	10640	2	537	UNC Pembroke	-	TEAM	-	-	-	0	0	0	0	119	0	0	0	4	0	0:00	0	""	2	1.000	""	""	""	0	 	0	0	0
2012	10640	2	537	UNC Pembroke	-	Totals	-	-	-	39	27	105	265	180	0	7	0	""	""	1715:39	13	0.682	107	0.892	8	""	""	0	85	2	2	9
2012	10640	2	537	UNC Pembroke	-	Opponent Totals	-	-	-	13	8	34	257	144	1	7	0	0	0	""	39	""	97	0.713	6	0	0	0	78	0	1	6
2012	10640	2	728	Upper Iowa	-	TEAM	-	-	-	0	0	0	0	118	0	0	0	3	0	0:00	0	""	2	1.000	""	""	""	0	 	0	0	0
2012	10640	2	728	Upper Iowa	-	Totals	-	-	-	38	25	101	308	120	0	14	0	""	""	1903:59	26	1.229	108	0.806	6	""	""	0	104	1	2	9
2012	10640	2	728	Upper Iowa	-	Opponent Totals	-	-	-	26	22	74	256	114	0	11	0	0	0	""	38	""	122	0.762	6	0	0	0	60	1	1	7
2012	10640	2	30104	Urbana	-	TEAM	-	-	-	0	0	0	0	108	0	0	0	2	0	0:00	0	""	1	1.000	""	""	""	0	 	0	0	0
2012	10640	2	30104	Urbana	-	Totals	-	-	-	15	11	41	197	108	0	2	0	""	""	1680:40	32	1.714	160	0.833	4	""	""	0	48	1	1	5
2012	10640	2	30104	Urbana	-	Opponent Totals	-	-	-	32	24	88	338	124	0	1	0	0	0	""	15	""	94	0.862	11	0	0	0	80	1	1	11
2012	10640	2	30140	Ursuline	-	TEAM	-	-	-	0	0	0	0	107	1	1	0	1	0	0:00	0	""	0	""	""	""	""	0	 	0	0	0
2012	10640	2	30140	Ursuline	-	Totals	-	-	-	52	33	137	284	116	1	10	0	""	""	1647:22	14	0.765	66	0.825	11	""	""	0	82	0	0	10
2012	10640	2	30140	Ursuline	-	Opponent Totals	-	-	-	14	9	37	162	113	0	9	0	0	0	""	52	""	120	0.698	1	0	0	0	54	1	1	3
2012	10640	2	734	Valdosta St.	-	TEAM	-	-	-	0	0	0	0	160	0	0	0	3	0	0:00	0	""	2	1.000	""	""	""	0	 	0	0	0
2012	10640	2	734	Valdosta St.	-	Totals	-	-	-	32	22	86	283	160	0	5	0	""	""	1752:55	27	1.386	61	0.693	9	""	""	0	97	2	2	11
2012	10640	2	734	Valdosta St.	-	Opponent Totals	-	-	-	27	28	82	177	143	1	6	0	0	0	""	32	""	103	0.763	3	0	0	0	59	0	2	6
2012	10640	2	30141	Walsh	-	TEAM	-	-	-	0	0	0	0	36	0	0	0	""	""	""	""	""	""	""	""	""	""	0	 	0	0	0
2012	10640	2	30141	Walsh	-	Totals	-	-	-	48	36	132	274	36	0	6	0	""	""	1638:32	23	1.263	80	0.777	8	""	""	0	71	0	0	10
2012	10640	2	30141	Walsh	-	Opponent Totals	-	-	-	23	18	64	189	40	1	7	0	0	0	""	48	""	109	0.694	3	0	0	0	54	0	0	5
2012	10640	2	2814	Washburn	-	TEAM	-	-	-	0	0	0	0	133	0	0	0	""	""	""	""	""	""	""	""	""	""	0	 	0	0	0
2012	10640	2	2814	Washburn	-	Totals	-	-	-	9	8	26	163	148	0	5	0	""	""	1704:21	38	2.007	104	0.732	1	""	""	0	62	1	1	1
2012	10640	2	2814	Washburn	-	Opponent Totals	-	-	-	38	27	103	309	195	0	4	0	0	0	""	9	""	69	0.885	11	0	0	0	92	2	2	14
2012	10640	2	1029	Washington Adventist	-	TEAM	-	-	-	0	0	0	0	50	0	0	0	4	0	0:00	0	""	9	1.000	""	""	""	0	 	0	0	0
2012	10640	2	1029	Washington Adventist	-	Totals	-	-	-	19	12	50	136	55	0	5	0	""	""	900:00	15	1.500	81	0.844	4	""	""	0	42	1	1	5
2012	10640	2	1029	Washington Adventist	-	Opponent Totals	-	-	-	15	11	41	185	57	1	4	0	0	0	""	19	""	64	0.771	1	0	0	0	48	2	2	3
2012	10640	2	1433	Wayne St. (NE)	-	TEAM	-	-	-	0	0	0	0	111	0	0	0	""	""	""	""	""	""	""	""	""	""	0	 	0	0	0
2012	10640	2	1433	Wayne St. (NE)	-	Totals	-	-	-	12	4	28	247	111	0	2	0	""	""	1678:59	25	1.340	70	0.737	5	""	""	0	63	2	2	5
2012	10640	2	1433	Wayne St. (NE)	-	Opponent Totals	-	-	-	25	14	64	216	135	0	8	0	0	0	""	12	""	93	0.886	9	0	0	0	68	2	2	11
2012	10640	2	358	West Ala.	-	TEAM	-	-	-	0	0	0	0	125	0	0	0	1	0	0:00	0	""	1	1.000	""	""	""	0	 	0	0	0
2012	10640	2	358	West Ala.	-	Totals	-	-	-	25	21	71	185	125	1	6	0	""	""	1653:58	51	2.775	88	0.633	3	""	""	0	91	0	0	6
2012	10640	2	358	West Ala.	-	Opponent Totals	-	-	-	51	40	142	216	131	0	5	0	0	0	""	25	""	84	0.771	6	0	0	0	101	0	0	12
2012	10640	2	765	West Chester	-	TEAM	-	-	-	0	0	0	0	172	0	0	0	3	0	0:00	0	""	2	1.000	""	""	""	0	 	0	0	0
2012	10640	2	765	West Chester	-	Totals	-	-	-	37	28	102	354	182	0	3	0	""	""	1983:49	13	0.590	80	0.860	10	""	""	0	144	0	0	13
2012	10640	2	765	West Chester	-	Opponent Totals	-	-	-	13	8	34	178	172	0	5	0	0	0	""	37	""	147	0.799	4	0	0	0	65	0	0	4
2012	10640	2	11740	West Florida	-	TEAM	-	-	-	0	0	0	0	155	0	1	0	4	0	0:00	0	""	1	1.000	""	""	""	0	 	0	0	0
2012	10640	2	11740	West Florida	-	Totals	-	-	-	48	43	139	287	155	0	11	0	""	""	1680:00	18	0.964	46	0.719	6	""	""	0	174	3	4	12
2012	10640	2	11740	West Florida	-	Opponent Totals	-	-	-	18	14	50	161	156	0	9	0	0	0	""	48	""	109	0.694	3	0	0	0	53	3	3	3
2012	10640	2	766	West Ga.	-	TEAM	-	-	-	0	0	0	0	133	0	1	0	1	0	0:00	0	""	1	1.000	""	""	""	0	 	0	0	0
2012	10640	2	766	West Ga.	-	Totals	-	-	-	24	17	65	208	133	1	15	0	""	""	1666:39	27	1.458	90	0.769	6	""	""	0	90	1	2	6
2012	10640	2	766	West Ga.	-	Opponent Totals	-	-	-	27	21	75	239	137	1	9	0	0	0	""	24	""	80	0.769	4	0	0	0	91	1	2	9
2012	10640	2	767	West Tex. A&M	-	TEAM	-	-	-	0	0	0	0	140	0	0	0	4	0	0:00	0	""	3	1.000	""	""	""	0	 	0	0	0
2012	10640	2	767	West Tex. A&M	-	Totals	-	-	-	30	10	70	230	140	0	7	0	""	""	1853:30	30	1.457	103	0.774	3	""	""	0	98	1	1	9
2012	10640	2	767	West Tex. A&M	-	Opponent Totals	-	-	-	30	19	79	245	109	0	5	0	0	0	""	30	""	91	0.752	6	0	0	0	85	1	1	10
2012	10640	2	9630	West Va. Wesleyan	-	TEAM	-	-	-	0	0	0	0	138	0	0	0	1	0	0:00	0	""	0	""	""	""	""	0	 	0	0	0
2012	10640	2	9630	West Va. Wesleyan	-	Totals	-	-	-	20	9	49	208	138	0	0	0	""	""	1509:19	18	1.073	50	0.735	9	""	""	0	81	1	1	10
2012	10640	2	9630	West Va. Wesleyan	-	Opponent Totals	-	-	-	18	10	46	129	127	0	4	0	0	0	""	20	""	89	0.817	4	0	0	0	32	2	2	4
2012	10640	2	1446	Western Ore.	-	TEAM	-	-	-	0	0	0	0	144	0	0	0	""	""	""	""	""	""	""	""	""	""	0	 	0	0	0
2012	10640	2	1446	Western Ore.	-	Totals	-	-	-	16	11	43	233	164	0	8	0	""	""	1714:48	23	1.207	57	0.713	6	""	""	0	73	0	0	6
2012	10640	2	1446	Western Ore.	-	Opponent Totals	-	-	-	23	23	69	192	149	0	3	0	0	0	""	16	""	92	0.852	6	0	0	1	70	0	2	8
2012	10640	2	1448	Western Wash.	-	TEAM	-	-	-	0	0	0	0	68	0	0	0	2	0	0:00	0	""	2	1.000	""	""	""	0	 	0	0	0
2012	10640	2	1448	Western Wash.	-	Totals	-	-	-	25	26	76	288	185	0	5	0	""	""	1688:27	11	0.586	48	0.814	11	""	""	0	81	0	1	10
2012	10640	2	1448	Western Wash.	-	Opponent Totals	-	-	-	11	12	34	155	163	1	7	0	0	0	""	25	""	85	0.773	6	0	0	0	46	0	0	5
2012	10640	2	12799	Wheeling Jesuit	-	TEAM	-	-	-	0	0	0	0	90	1	2	0	""	""	""	""	""	""	""	""	""	""	0	 	0	0	0
2012	10640	2	12799	Wheeling Jesuit	-	Totals	-	-	-	19	12	50	145	94	2	10	0	""	""	1279:36	28	1.969	77	0.733	2	""	""	0	39	1	1	5
2012	10640	2	12799	Wheeling Jesuit	-	Opponent Totals	-	-	-	28	18	74	204	91	0	8	0	0	0	""	19	""	66	0.776	4	0	0	0	85	1	1	9
2012	10640	2	30120	William Jewell	-	TEAM	-	-	-	0	0	0	0	137	0	1	0	2	0	0:00	0	""	2	1.000	""	""	""	0	 	0	0	0
2012	10640	2	30120	William Jewell	-	Totals	-	-	-	32	28	92	208	137	1	4	0	""	""	1536:14	29	1.699	79	0.731	3	""	""	0	58	0	2	7
2012	10640	2	30120	William Jewell	-	Opponent Totals	-	-	-	29	32	90	211	141	0	7	0	0	0	""	32	""	72	0.692	7	0	0	0	77	0	0	10
2012	10640	2	1460	Wilmington (DE)	-	TEAM	-	-	-	0	0	0	0	45	0	1	0	""	""	""	""	""	""	""	""	""	""	0	 	0	0	0
2012	10640	2	1460	Wilmington (DE)	-	Totals	-	-	-	21	12	54	235	45	0	7	0	""	""	1658:29	38	2.062	119	0.758	3	""	""	1	50	2	3	5
2012	10640	2	1460	Wilmington (DE)	-	Opponent Totals	-	-	-	38	22	98	275	69	0	8	0	0	0	""	21	""	93	0.816	4	0	0	0	78	2	2	12
2012	10640	2	1462	Wingate	-	TEAM	-	-	-	1	0	2	0	200	0	0	0	4	0	0:00	0	""	2	1.000	""	""	""	0	 	0	0	0
2012	10640	2	1462	Wingate	-	Totals	-	-	-	60	48	168	366	200	1	3	0	""	""	1822:42	25	1.234	63	0.716	9	""	""	0	114	1	2	16
2012	10640	2	1462	Wingate	-	Opponent Totals	-	-	-	25	16	66	177	175	0	9	0	0	0	""	60	""	142	0.703	0	0	0	0	45	0	0	4
2012	10640	2	790	Winona St.	-	TEAM	-	-	-	0	0	0	0	137	0	3	0	3	0	0:00	0	""	2	1.000	""	""	""	0	 	0	0	0
2012	10640	2	790	Winona St.	-	Totals	-	-	-	33	32	98	266	140	0	11	0	""	""	1740:00	11	0.569	109	0.908	10	""	""	0	105	0	1	14
2012	10640	2	790	Winona St.	-	Opponent Totals	-	-	-	11	10	32	240	188	0	12	0	0	0	""	33	""	93	0.738	3	0	0	0	76	0	1	4
2012	10640	2	799	Wis.-Parkside	-	TEAM	-	-	-	0	0	0	0	192	0	1	0	4	0	0:00	0	""	1	1.000	""	""	""	0	 	0	0	0
2012	10640	2	799	Wis.-Parkside	-	Totals	-	-	-	41	40	122	341	192	0	7	0	""	""	1777:56	19	0.962	56	0.747	7	""	""	0	92	2	4	13
2012	10640	2	799	Wis.-Parkside	-	Opponent Totals	-	-	-	19	15	53	175	222	2	4	0	0	0	""	41	""	117	0.741	1	0	0	0	57	2	2	4
